from,to,octopus,single
1,1,0.00,0.00
1,2,4.90,5.00
1,3,10.60,12.50
1,4,10.60,12.50
1,5,13.20,15.50
1,6,13.20,15.50
1,7,13.20,15.50
1,8,13.20,15.50
1,9,15.80,16.00
1,10,15.80,16.00
1,11,15.80,16.00
1,12,15.80,16.00
1,13,15.80,16.00
1,14,15.80,16.00
1,15,15.80,16.00
1,16,13.20,15.50
1,17,13.20,15.50
1,18,13.20,15.50
1,19,15.80,16.00
1,20,15.80,16.00
1,21,15.80,16.00
1,22,15.80,16.00
1,23,15.80,16.00
1,24,15.80,16.00
1,25,15.80,16.00
1,26,4.90,5.00
1,27,4.90,5.00
1,28,5.90,6.00
1,29,5.90,6.00
1,30,5.90,6.00
1,31,7.40,7.50
1,32,7.40,7.50
1,33,7.40,7.50
1,34,9.20,10.50
1,35,9.20,10.50
1,36,9.20,10.50
1,37,9.20,10.50
1,38,15.80,16.00
1,39,0.00,0.00
1,40,10.60,12.50
1,41,13.20,15.50
1,42,15.80,16.00
1,43,24.30,28.00
1,48,15.80,16.00
1,49,15.80,16.00
1,50,15.80,16.00
1,51,15.80,16.00
1,52,15.80,16.00
1,53,13.20,15.50
1,54,22.20,25.50
1,55,27.90,31.00
1,57,15.80,16.00
1,64,12.60,15.00
1,65,12.90,15.50
1,67,17.10,19.00
1,68,17.10,19.00
1,69,17.60,19.50
1,70,25.70,28.50
1,71,18.40,20.00
1,72,19.90,22.00
1,73,19.90,22.00
1,74,22.20,25.50
1,75,22.20,25.50
1,76,52.20,55.50
1,78,52.20,55.50
1,80,10.60,12.50
1,96,17.20,19.00
1,97,17.20,19.00
1,98,17.20,19.00
1,99,17.20,19.00
1,100,20.80,22.00
1,101,20.80,22.00
1,102,20.80,22.00
1,103,20.80,22.00
1,111,10.60,12.50
1,114,17.80,19.50
1,115,28.00,30.00
1,116,29.30,31.00
1,117,29.30,31.00
1,118,29.30,31.00
1,119,29.30,31.00
1,120,29.30,31.00
1,81,4.90,5.00
1,82,5.90,6.00
1,83,5.90,6.00
1,84,13.20,15.50
1,85,13.20,15.50
1,86,5.90,6.00
1,87,7.40,7.50
1,88,7.40,7.50
1,89,7.40,7.50
1,90,17.10,19.00
1,91,13.20,15.50
1,92,13.20,15.50
1,93,13.20,15.50
2,1,4.90,5.00
2,2,0.00,0.00
2,3,10.60,12.50
2,4,10.60,12.50
2,5,13.20,15.50
2,6,13.20,15.50
2,7,13.20,15.50
2,8,13.20,15.50
2,9,15.80,16.00
2,10,15.80,16.00
2,11,15.80,16.00
2,12,15.80,16.00
2,13,15.80,16.00
2,14,15.80,16.00
2,15,15.80,16.00
2,16,13.20,15.50
2,17,13.20,15.50
2,18,13.20,15.50
2,19,15.80,16.00
2,20,15.80,16.00
2,21,15.80,16.00
2,22,15.80,16.00
2,23,15.80,16.00
2,24,15.80,16.00
2,25,15.80,16.00
2,26,4.90,5.00
2,27,4.90,5.00
2,28,4.90,5.00
2,29,5.90,6.00
2,30,5.90,6.00
2,31,7.40,7.50
2,32,7.40,7.50
2,33,7.40,7.50
2,34,9.20,10.50
2,35,9.20,10.50
2,36,9.20,10.50
2,37,9.20,10.50
2,38,15.80,16.00
2,39,4.90,5.00
2,40,10.60,12.50
2,41,13.20,15.50
2,42,15.80,16.00
2,43,24.30,28.00
2,48,15.80,16.00
2,49,15.80,16.00
2,50,15.80,16.00
2,51,15.80,16.00
2,52,15.80,16.00
2,53,13.20,15.50
2,54,22.20,25.50
2,55,27.90,31.00
2,57,15.80,16.00
2,64,12.60,15.00
2,65,12.90,15.50
2,67,17.10,19.00
2,68,17.10,19.00
2,69,17.60,19.50
2,70,25.70,28.50
2,71,18.40,20.00
2,72,19.90,22.00
2,73,19.90,22.00
2,74,22.20,25.50
2,75,22.20,25.50
2,76,52.20,55.50
2,78,52.20,55.50
2,80,10.60,12.50
2,96,17.20,19.00
2,97,17.20,19.00
2,98,17.20,19.00
2,99,17.20,19.00
2,100,20.80,22.00
2,101,20.80,22.00
2,102,20.80,22.00
2,103,20.80,22.00
2,111,10.60,12.50
2,114,17.80,19.50
2,115,28.00,30.00
2,116,29.30,31.00
2,117,29.30,31.00
2,118,29.30,31.00
2,119,29.30,31.00
2,120,29.30,31.00
2,81,5.90,6.00
2,82,5.90,6.00
2,83,5.90,6.00
2,84,13.20,15.50
2,85,13.20,15.50
2,86,5.90,6.00
2,87,7.40,7.50
2,88,7.40,7.50
2,89,7.40,7.50
2,90,17.10,19.00
2,91,13.20,15.50
2,92,13.20,15.50
2,93,13.20,15.50
3,1,10.60,12.50
3,2,10.60,12.50
3,3,0.00,0.00
3,4,4.90,5.00
3,5,4.90,5.00
3,6,5.90,6.00
3,7,7.40,7.50
3,8,7.40,7.50
3,9,9.20,10.50
3,10,9.20,10.50
3,11,9.20,10.50
3,12,9.20,10.50
3,13,9.20,10.50
3,14,9.20,10.50
3,15,9.20,10.50
3,16,5.90,6.00
3,17,7.40,7.50
3,18,7.40,7.50
3,19,9.00,10.50
3,20,9.00,10.50
3,21,11.00,13.00
3,22,11.00,13.00
3,23,11.00,13.00
3,24,11.00,13.00
3,25,11.00,13.00
3,26,10.60,12.50
3,27,10.60,12.50
3,28,13.20,15.50
3,29,13.20,15.50
3,30,13.20,15.50
3,31,13.20,15.50
3,32,13.20,15.50
3,33,15.80,16.00
3,34,15.80,16.00
3,35,15.80,16.00
3,36,15.80,16.00
3,37,15.80,16.00
3,38,9.20,10.50
3,39,10.60,12.50
3,40,4.90,5.00
3,41,5.90,6.00
3,42,11.00,13.00
3,43,18.70,21.00
3,48,9.20,10.50
3,49,11.00,13.00
3,50,11.00,13.00
3,51,11.00,13.00
3,52,11.00,13.00
3,53,6.20,6.50
3,54,15.90,17.00
3,55,22.20,25.50
3,57,11.00,13.00
3,64,4.70,5.00
3,65,5.90,6.00
3,67,10.10,12.00
3,68,10.10,12.00
3,69,11.00,13.00
3,70,17.50,18.50
3,71,11.00,13.00
3,72,13.40,15.50
3,73,13.40,15.50
3,74,14.90,16.00
3,75,14.90,16.00
3,76,44.30,46.50
3,78,44.30,46.50
3,80,0.00,0.00
3,96,11.10,13.00
3,97,11.10,13.00
3,98,11.10,13.00
3,99,11.10,13.00
3,100,14.20,15.50
3,101,14.20,15.50
3,102,14.20,15.50
3,103,14.20,15.50
3,111,4.90,5.00
3,114,10.90,13.00
3,115,21.00,21.50
3,116,22.10,24.00
3,117,22.10,24.00
3,118,22.10,24.00
3,119,22.10,24.00
3,120,22.10,24.00
3,81,13.20,15.50
3,82,13.20,15.50
3,83,13.20,15.50
3,84,5.90,6.00
3,85,5.90,6.00
3,86,13.20,15.50
3,87,13.20,15.50
3,88,13.20,15.50
3,89,15.80,16.00
3,90,10.10,12.00
3,91,7.40,7.50
3,92,5.90,6.00
3,93,5.90,6.00
4,1,10.60,12.50
4,2,10.60,12.50
4,3,4.90,5.00
4,4,0.00,0.00
4,5,4.90,5.00
4,6,4.90,5.00
4,7,5.90,6.00
4,8,7.40,7.50
4,9,7.40,7.50
4,10,9.20,10.50
4,11,9.20,10.50
4,12,9.20,10.50
4,13,9.20,10.50
4,14,9.20,10.50
4,15,9.20,10.50
4,16,5.90,6.00
4,17,5.90,6.00
4,18,7.40,7.50
4,19,7.40,7.50
4,20,9.00,10.50
4,21,9.20,10.50
4,22,11.00,13.00
4,23,11.00,13.00
4,24,11.00,13.00
4,25,11.00,13.00
4,26,10.60,12.50
4,27,10.60,12.50
4,28,13.20,15.50
4,29,13.20,15.50
4,30,13.20,15.50
4,31,13.20,15.50
4,32,13.20,15.50
4,33,15.80,16.00
4,34,15.80,16.00
4,35,15.80,16.00
4,36,15.80,16.00
4,37,15.80,16.00
4,38,9.20,10.50
4,39,10.60,12.50
4,40,4.90,5.00
4,41,4.90,5.00
4,42,11.00,13.00
4,43,18.70,21.00
4,48,9.20,10.50
4,49,11.00,13.00
4,50,11.00,13.00
4,51,11.00,13.00
4,52,11.00,13.00
4,53,5.90,6.00
4,54,15.90,17.00
4,55,22.20,25.50
4,57,11.00,13.00
4,64,4.90,5.00
4,65,5.90,6.00
4,67,10.10,12.00
4,68,10.10,12.00
4,69,11.00,13.00
4,70,17.50,21.50
4,71,11.00,13.50
4,72,13.40,15.50
4,73,13.40,15.50
4,74,14.90,16.00
4,75,14.90,16.00
4,76,46.60,49.50
4,78,46.60,49.50
4,80,4.90,5.00
4,96,11.10,13.00
4,97,11.10,13.00
4,98,11.10,13.00
4,99,11.10,13.00
4,100,13.30,15.50
4,101,13.30,15.50
4,102,13.30,15.50
4,103,13.30,15.50
4,111,4.90,5.00
4,114,10.90,13.00
4,115,21.00,21.50
4,116,22.10,24.00
4,117,22.10,24.00
4,118,22.10,24.00
4,119,22.10,24.00
4,120,22.10,24.00
4,81,13.20,15.50
4,82,13.20,15.50
4,83,13.20,15.50
4,84,4.90,5.00
4,85,5.90,6.00
4,86,13.20,15.50
4,87,13.20,15.50
4,88,13.20,15.50
4,89,15.80,16.00
4,90,10.10,12.00
4,91,7.40,7.50
4,92,5.90,6.00
4,93,5.90,6.00
5,1,13.20,15.50
5,2,13.20,15.50
5,3,4.90,5.00
5,4,4.90,5.00
5,5,0.00,0.00
5,6,4.90,5.00
5,7,5.90,6.00
5,8,5.90,6.00
5,9,7.40,7.50
5,10,7.40,7.50
5,11,9.20,10.50
5,12,9.20,10.50
5,13,9.20,10.50
5,14,9.20,10.50
5,15,9.20,10.50
5,16,4.90,5.00
5,17,5.90,6.00
5,18,5.90,6.00
5,19,7.40,7.50
5,20,7.40,7.50
5,21,9.20,10.50
5,22,9.20,10.50
5,23,11.00,13.00
5,24,11.00,13.00
5,25,11.00,13.00
5,26,13.20,15.50
5,27,13.20,15.50
5,28,13.20,15.50
5,29,13.20,15.50
5,30,13.20,15.50
5,31,13.20,15.50
5,32,13.20,15.50
5,33,15.80,16.00
5,34,15.80,16.00
5,35,15.80,16.00
5,36,15.80,16.00
5,37,15.80,16.00
5,38,9.20,10.50
5,39,13.20,15.50
5,40,4.90,5.00
5,41,4.90,5.00
5,42,11.00,13.00
5,43,18.70,21.00
5,48,9.20,10.50
5,49,11.00,13.00
5,50,11.00,13.00
5,51,11.00,13.00
5,52,11.00,13.00
5,53,5.90,6.00
5,54,15.90,17.00
5,55,22.20,25.50
5,57,11.00,13.00
5,64,5.90,6.00
5,65,5.90,6.00
5,67,9.60,12.00
5,68,9.60,12.00
5,69,10.10,12.50
5,70,17.50,20.00
5,71,10.80,13.50
5,72,12.80,14.50
5,73,12.80,14.50
5,74,13.60,15.50
5,75,13.60,15.50
5,76,45.40,48.00
5,78,45.40,48.00
5,80,4.90,5.00
5,96,9.80,12.00
5,97,9.80,12.00
5,98,9.80,12.00
5,99,9.80,12.00
5,100,12.00,14.00
5,101,12.00,14.00
5,102,12.00,14.00
5,103,12.00,14.00
5,111,4.90,5.00
5,114,10.40,12.50
5,115,21.00,21.50
5,116,22.10,24.00
5,117,22.10,24.00
5,118,22.10,24.00
5,119,22.10,24.00
5,120,22.10,24.00
5,81,13.20,15.50
5,82,13.20,15.50
5,83,13.20,15.50
5,84,4.90,5.00
5,85,4.90,5.00
5,86,13.20,15.50
5,87,13.20,15.50
5,88,13.20,15.50
5,89,15.80,16.00
5,90,9.60,12.00
5,91,5.90,6.00
5,92,5.90,6.00
5,93,4.90,5.00
6,1,13.20,15.50
6,2,13.20,15.50
6,3,5.90,6.00
6,4,4.90,5.00
6,5,4.90,5.00
6,6,0.00,0.00
6,7,4.90,5.00
6,8,5.90,6.00
6,9,5.90,6.00
6,10,7.40,7.50
6,11,7.40,7.50
6,12,9.20,10.50
6,13,9.20,10.50
6,14,9.20,10.50
6,15,9.20,10.50
6,16,4.90,5.00
6,17,4.90,5.00
6,18,5.90,6.00
6,19,5.90,6.00
6,20,7.40,7.50
6,21,7.40,7.50
6,22,9.20,10.50
6,23,9.20,10.50
6,24,9.20,10.50
6,25,9.20,10.50
6,26,13.20,15.50
6,27,13.20,15.50
6,28,13.20,15.50
6,29,13.20,15.50
6,30,13.20,15.50
6,31,13.20,15.50
6,32,15.80,16.00
6,33,15.80,16.00
6,34,15.80,16.00
6,35,15.80,16.00
6,36,15.80,16.00
6,37,15.80,16.00
6,38,9.20,10.50
6,39,13.20,15.50
6,40,4.90,5.00
6,41,4.90,5.00
6,42,9.20,10.50
6,43,18.70,21.00
6,48,9.20,10.50
6,49,11.00,13.00
6,50,11.00,13.00
6,51,11.00,13.00
6,52,11.00,13.00
6,53,4.90,5.00
6,54,15.90,17.00
6,55,22.20,25.50
6,57,11.00,13.00
6,64,5.90,6.00
6,65,4.90,5.00
6,67,9.60,12.00
6,68,9.60,12.00
6,69,10.10,12.50
6,70,17.50,20.00
6,71,10.80,13.50
6,72,12.80,14.50
6,73,12.80,14.50
6,74,13.60,15.50
6,75,13.60,15.50
6,76,45.40,48.00
6,78,45.40,48.00
6,80,5.90,6.00
6,96,9.80,12.00
6,97,9.80,12.00
6,98,9.80,12.00
6,99,9.80,12.00
6,100,12.00,14.00
6,101,12.00,14.00
6,102,12.00,14.00
6,103,12.00,14.00
6,111,4.90,5.00
6,114,9.20,10.50
6,115,18.90,19.50
6,116,20.80,21.50
6,117,20.80,21.50
6,118,20.80,21.50
6,119,20.80,21.50
6,120,20.80,21.50
6,81,13.20,15.50
6,82,13.20,15.50
6,83,13.20,15.50
6,84,4.90,5.00
6,85,5.90,6.00
6,86,13.20,15.50
6,87,13.20,15.50
6,88,15.80,16.00
6,89,15.80,16.00
6,90,9.60,12.00
6,91,7.40,7.50
6,92,5.90,6.00
6,93,5.90,6.00
7,1,13.20,15.50
7,2,13.20,15.50
7,3,7.40,7.50
7,4,5.90,6.00
7,5,5.90,6.00
7,6,4.90,5.00
7,7,0.00,0.00
7,8,4.90,5.00
7,9,4.90,5.00
7,10,5.90,6.00
7,11,5.90,6.00
7,12,7.40,7.50
7,13,7.40,7.50
7,14,9.20,10.50
7,15,9.20,10.50
7,16,4.90,5.00
7,17,4.90,5.00
7,18,4.90,5.00
7,19,5.90,6.00
7,20,5.90,6.00
7,21,7.40,7.50
7,22,7.40,7.50
7,23,9.20,10.50
7,24,9.20,10.50
7,25,9.20,10.50
7,26,13.20,15.50
7,27,13.20,15.50
7,28,13.20,15.50
7,29,13.20,15.50
7,30,15.80,16.00
7,31,15.80,16.00
7,32,15.80,16.00
7,33,15.80,16.00
7,34,15.80,16.00
7,35,15.80,16.00
7,36,15.80,16.00
7,37,15.80,16.00
7,38,9.20,10.50
7,39,13.20,15.50
7,40,5.90,6.00
7,41,4.90,5.00
7,42,9.20,10.50
7,43,18.70,21.00
7,48,9.20,10.50
7,49,11.00,13.00
7,50,11.00,13.00
7,51,11.00,13.00
7,52,11.00,13.00
7,53,4.90,5.00
7,54,15.90,17.00
7,55,22.20,25.50
7,57,11.00,13.00
7,64,5.90,6.00
7,65,5.90,6.00
7,67,8.60,10.00
7,68,8.60,10.00
7,69,9.20,10.50
7,70,17.10,19.00
7,71,9.80,12.00
7,72,11.70,13.50
7,73,11.70,13.50
7,74,12.60,15.00
7,75,12.60,15.00
7,76,44.40,47.00
7,78,44.40,47.00
7,80,7.40,7.50
7,96,8.70,10.00
7,97,8.70,10.00
7,98,8.70,10.00
7,99,8.70,10.00
7,100,10.70,12.50
7,101,10.70,12.50
7,102,10.70,12.50
7,103,10.70,12.50
7,111,5.90,6.00
7,114,8.70,10.50
7,115,18.70,19.50
7,116,20.70,21.50
7,117,20.70,21.50
7,118,20.70,21.50
7,119,20.70,21.50
7,120,20.70,21.50
7,81,13.20,15.50
7,82,13.20,15.50
7,83,15.80,16.00
7,84,5.90,6.00
7,85,7.40,7.50
7,86,15.80,16.00
7,87,15.80,16.00
7,88,15.80,16.00
7,89,15.80,16.00
7,90,8.60,10.00
7,91,5.90,6.00
7,92,5.90,6.00
7,93,5.90,6.00
8,1,13.20,15.50
8,2,13.20,15.50
8,3,7.40,7.50
8,4,7.40,7.50
8,5,5.90,6.00
8,6,5.90,6.00
8,7,4.90,5.00
8,8,0.00,0.00
8,9,4.90,5.00
8,10,4.90,5.00
8,11,5.90,6.00
8,12,5.90,6.00
8,13,7.40,7.50
8,14,7.40,7.50
8,15,7.40,7.50
8,16,4.90,5.00
8,17,4.90,5.00
8,18,5.90,6.00
8,19,5.90,6.00
8,20,7.40,7.50
8,21,7.40,7.50
8,22,9.20,10.50
8,23,9.20,10.50
8,24,9.20,10.50
8,25,9.20,10.50
8,26,13.20,15.50
8,27,13.20,15.50
8,28,13.20,15.50
8,29,15.80,16.00
8,30,15.80,16.00
8,31,15.80,16.00
8,32,15.80,16.00
8,33,15.80,16.00
8,34,15.80,16.00
8,35,15.80,16.00
8,36,15.80,16.00
8,37,15.80,16.00
8,38,9.20,10.50
8,39,13.20,15.50
8,40,7.40,7.50
8,41,5.90,6.00
8,42,9.20,10.50
8,43,18.70,21.00
8,48,9.20,10.50
8,49,9.20,10.50
8,50,11.00,13.00
8,51,11.00,13.00
8,52,11.00,13.00
8,53,4.90,5.00
8,54,15.90,17.00
8,55,22.20,25.50
8,57,11.00,13.00
8,64,4.00,4.00
8,65,4.00,4.00
8,67,6.70,7.00
8,68,6.70,7.00
8,69,7.40,7.50
8,70,15.10,16.00
8,71,8.00,8.50
8,72,9.90,12.00
8,73,9.90,12.00
8,74,11.10,13.00
8,75,11.10,13.00
8,76,41.50,45.00
8,78,41.50,45.00
8,80,7.40,7.50
8,96,8.10,9.50
8,97,8.10,9.50
8,98,8.10,9.50
8,99,8.10,9.50
8,100,10.70,12.50
8,101,10.70,12.50
8,102,10.70,12.50
8,103,10.70,12.50
8,111,7.40,7.50
8,114,9.20,10.50
8,115,18.90,19.50
8,116,20.80,21.50
8,117,20.80,21.50
8,118,20.80,21.50
8,119,20.80,21.50
8,120,20.80,21.50
8,81,13.20,15.50
8,82,15.80,16.00
8,83,15.80,16.00
8,84,7.40,7.50
8,85,7.40,7.50
8,86,15.80,16.00
8,87,15.80,16.00
8,88,15.80,16.00
8,89,15.80,16.00
8,90,8.60,10.00
8,91,5.90,6.00
8,92,5.90,6.00
8,93,5.90,6.00
9,1,15.80,16.00
9,2,15.80,16.00
9,3,9.20,10.50
9,4,7.40,7.50
9,5,7.40,7.50
9,6,5.90,6.00
9,7,4.90,5.00
9,8,4.90,5.00
9,9,0.00,0.00
9,10,4.90,5.00
9,11,4.90,5.00
9,12,5.90,6.00
9,13,5.90,6.00
9,14,7.40,7.50
9,15,7.40,7.50
9,16,5.90,6.00
9,17,5.90,6.00
9,18,5.90,6.00
9,19,7.40,7.50
9,20,7.40,7.50
9,21,9.20,10.50
9,22,9.20,10.50
9,23,9.20,10.50
9,24,11.00,13.00
9,25,11.00,13.00
9,26,15.80,16.00
9,27,15.80,16.00
9,28,15.80,16.00
9,29,15.80,16.00
9,30,15.80,16.00
9,31,15.80,16.00
9,32,15.80,16.00
9,33,15.80,16.00
9,34,15.80,16.00
9,35,15.80,16.00
9,36,15.80,16.00
9,37,15.80,16.00
9,38,7.40,7.50
9,39,15.80,16.00
9,40,7.40,7.50
9,41,5.90,6.00
9,42,9.20,10.50
9,43,18.70,21.00
9,48,9.20,10.50
9,49,9.20,10.50
9,50,9.20,10.50
9,51,11.00,13.00
9,52,11.00,13.00
9,53,5.90,6.00
9,54,15.90,17.00
9,55,22.20,25.50
9,57,11.00,13.00
9,64,5.90,6.00
9,65,5.90,6.00
9,67,8.60,10.00
9,68,8.60,10.00
9,69,9.20,10.50
9,70,17.10,19.00
9,71,9.80,12.00
9,72,11.70,13.50
9,73,11.70,13.50
9,74,12.60,15.00
9,75,12.60,15.00
9,76,44.40,47.00
9,78,44.40,47.00
9,80,9.20,10.50
9,96,8.70,10.00
9,97,8.70,10.00
9,98,8.70,10.00
9,99,8.70,10.00
9,100,10.70,12.50
9,101,10.70,12.50
9,102,10.70,12.50
9,103,10.70,12.50
9,111,7.40,7.50
9,114,10.00,12.00
9,115,20.70,21.50
9,116,21.70,22.50
9,117,21.70,22.50
9,118,21.70,22.50
9,119,21.70,22.50
9,120,21.70,22.50
9,81,15.80,16.00
9,82,15.80,16.00
9,83,15.80,16.00
9,84,7.40,7.50
9,85,9.20,10.50
9,86,15.80,16.00
9,87,15.80,16.00
9,88,15.80,16.00
9,89,15.80,16.00
9,90,8.60,10.00
9,91,5.90,6.00
9,92,5.90,6.00
9,93,7.40,7.50
10,1,15.80,16.00
10,2,15.80,16.00
10,3,9.20,10.50
10,4,9.20,10.50
10,5,7.40,7.50
10,6,7.40,7.50
10,7,5.90,6.00
10,8,4.90,5.00
10,9,4.90,5.00
10,10,0.00,0.00
10,11,4.90,5.00
10,12,4.90,5.00
10,13,5.90,6.00
10,14,5.90,6.00
10,15,7.40,7.50
10,16,5.90,6.00
10,17,5.90,6.00
10,18,7.40,7.50
10,19,7.40,7.50
10,20,9.20,10.50
10,21,9.20,10.50
10,22,9.20,10.50
10,23,11.00,13.00
10,24,11.00,13.00
10,25,11.00,13.00
10,26,15.80,16.00
10,27,15.80,16.00
10,28,15.80,16.00
10,29,15.80,16.00
10,30,15.80,16.00
10,31,13.20,15.50
10,32,13.20,15.50
10,33,13.20,15.50
10,34,15.80,16.00
10,35,15.80,16.00
10,36,15.80,16.00
10,37,15.80,16.00
10,38,7.40,7.50
10,39,15.80,16.00
10,40,9.20,10.50
10,41,7.40,7.50
10,42,11.00,13.00
10,43,18.70,21.00
10,48,9.20,10.50
10,49,9.20,10.50
10,50,9.20,10.50
10,51,9.20,10.50
10,52,11.00,13.00
10,53,5.90,6.00
10,54,15.90,17.00
10,55,22.20,25.50
10,57,11.00,13.00
10,64,5.90,6.00
10,65,5.90,6.00
10,67,8.60,10.00
10,68,8.60,10.00
10,69,9.20,10.50
10,70,17.10,19.00
10,71,9.80,12.00
10,72,11.70,13.50
10,73,11.70,13.50
10,74,12.60,15.00
10,75,12.60,15.00
10,76,44.40,47.00
10,78,44.40,47.00
10,80,9.20,10.50
10,96,8.70,10.00
10,97,8.70,10.00
10,98,8.70,10.00
10,99,8.70,10.00
10,100,10.70,12.50
10,101,10.70,12.50
10,102,10.70,12.50
10,103,10.70,12.50
10,111,9.20,10.50
10,114,10.20,12.00
10,115,20.70,21.50
10,116,21.70,22.50
10,117,21.70,22.50
10,118,21.70,22.50
10,119,21.70,22.50
10,120,21.70,22.50
10,81,15.80,16.00
10,82,15.80,16.00
10,83,15.80,16.00
10,84,9.20,10.50
10,85,9.20,10.50
10,86,15.80,16.00
10,87,15.80,16.00
10,88,15.80,16.00
10,89,15.80,16.00
10,90,8.60,10.00
10,91,4.90,5.00
10,92,5.90,6.00
10,93,5.90,6.00
11,1,15.80,16.00
11,2,15.80,16.00
11,3,9.20,10.50
11,4,9.20,10.50
11,5,9.20,10.50
11,6,7.40,7.50
11,7,5.90,6.00
11,8,5.90,6.00
11,9,4.90,5.00
11,10,4.90,5.00
11,11,0.00,0.00
11,12,4.90,5.00
11,13,4.90,5.00
11,14,5.90,6.00
11,15,5.90,6.00
11,16,7.40,7.50
11,17,7.40,7.50
11,18,7.40,7.50
11,19,9.20,10.50
11,20,9.20,10.50
11,21,9.20,10.50
11,22,11.00,13.00
11,23,11.00,13.00
11,24,11.00,13.00
11,25,11.00,13.00
11,26,15.80,16.00
11,27,15.80,16.00
11,28,15.80,16.00
11,29,15.80,16.00
11,30,13.20,15.50
11,31,13.20,15.50
11,32,13.20,15.50
11,33,13.20,15.50
11,34,13.20,15.50
11,35,15.80,16.00
11,36,15.80,16.00
11,37,15.80,16.00
11,38,7.40,7.50
11,39,15.80,16.00
11,40,9.20,10.50
11,41,7.70,8.00
11,42,11.00,13.00
11,43,18.70,21.00
11,48,7.40,7.50
11,49,9.20,10.50
11,50,9.20,10.50
11,51,9.20,10.50
11,52,9.20,10.50
11,53,7.70,8.00
11,54,15.90,17.00
11,55,22.20,25.50
11,57,9.20,10.50
11,64,7.40,7.50
11,65,7.10,7.50
11,67,9.60,12.00
11,68,9.60,12.00
11,69,10.10,12.50
11,70,18.30,20.00
11,71,10.80,13.50
11,72,12.80,14.50
11,73,12.80,14.50
11,74,13.60,15.50
11,75,13.60,15.50
11,76,45.40,48.00
11,78,45.40,48.00
11,80,9.20,10.50
11,96,9.80,12.00
11,97,9.80,12.00
11,98,9.80,12.00
11,99,9.80,12.00
11,100,12.00,14.00
11,101,12.00,14.00
11,102,12.00,14.00
11,103,12.00,14.00
11,111,9.20,10.50
11,114,10.90,13.00
11,115,21.20,22.00
11,116,22.30,24.00
11,117,22.30,24.00
11,118,22.30,24.00
11,119,22.30,24.00
11,120,22.30,24.00
11,81,15.80,16.00
11,82,15.80,16.00
11,83,15.80,16.00
11,84,9.20,10.50
11,85,9.20,10.50
11,86,15.80,16.00
11,87,15.80,16.00
11,88,15.80,16.00
11,89,15.80,16.00
11,90,8.60,10.00
11,91,4.90,5.00
11,92,4.90,5.00
11,93,5.90,6.00
12,1,15.80,16.00
12,2,15.80,16.00
12,3,9.20,10.50
12,4,9.20,10.50
12,5,9.20,10.50
12,6,9.20,10.50
12,7,7.40,7.50
12,8,5.90,6.00
12,9,5.90,6.00
12,10,4.90,5.00
12,11,4.90,5.00
12,12,0.00,0.00
12,13,4.90,5.00
12,14,4.90,5.00
12,15,4.90,5.00
12,16,7.40,7.50
12,17,7.40,7.50
12,18,9.20,10.50
12,19,9.20,10.50
12,20,9.20,10.50
12,21,11.00,13.00
12,22,11.00,13.00
12,23,11.00,13.00
12,24,11.00,13.00
12,25,11.00,13.00
12,26,15.80,16.00
12,27,15.80,16.00
12,28,15.80,16.00
12,29,13.20,15.50
12,30,13.20,15.50
12,31,13.20,15.50
12,32,13.20,15.50
12,33,13.20,15.50
12,34,13.20,15.50
12,35,13.20,15.50
12,36,15.80,16.00
12,37,15.80,16.00
12,38,5.90,6.00
12,39,15.80,16.00
12,40,9.20,10.50
12,41,9.20,10.50
12,42,11.00,13.00
12,43,22.20,25.50
12,48,7.40,7.50
12,49,7.40,7.50
12,50,9.20,10.50
12,51,9.20,10.50
12,52,9.20,10.50
12,53,7.70,8.00
12,54,18.70,21.00
12,55,24.30,28.00
12,57,9.20,10.50
12,64,7.40,7.50
12,65,7.10,7.50
12,67,9.60,12.00
12,68,9.60,12.00
12,69,10.10,12.50
12,70,18.30,20.00
12,71,10.80,13.50
12,72,12.80,14.50
12,73,12.80,14.50
12,74,13.60,15.50
12,75,13.60,15.50
12,76,45.40,48.00
12,78,45.40,48.00
12,80,9.20,10.50
12,96,9.80,12.00
12,97,9.80,12.00
12,98,9.80,12.00
12,99,9.80,12.00
12,100,12.00,14.00
12,101,12.00,14.00
12,102,12.00,14.00
12,103,12.00,14.00
12,111,9.20,10.50
12,114,10.90,13.00
12,115,21.20,22.00
12,116,22.30,24.00
12,117,22.30,24.00
12,118,22.30,24.00
12,119,22.30,24.00
12,120,22.30,24.00
12,81,15.80,16.00
12,82,15.80,16.00
12,83,15.80,16.00
12,84,9.20,10.50
12,85,9.20,10.50
12,86,15.80,16.00
12,87,15.80,16.00
12,88,15.80,16.00
12,89,15.80,16.00
12,90,9.60,12.00
12,91,4.90,5.00
12,92,5.90,6.00
12,93,5.90,6.00
13,1,15.80,16.00
13,2,15.80,16.00
13,3,9.20,10.50
13,4,9.20,10.50
13,5,9.20,10.50
13,6,9.20,10.50
13,7,7.40,7.50
13,8,7.40,7.50
13,9,5.90,6.00
13,10,5.90,6.00
13,11,4.90,5.00
13,12,4.90,5.00
13,13,0.00,0.00
13,14,4.90,5.00
13,15,4.90,5.00
13,16,9.20,10.50
13,17,9.20,10.50
13,18,9.20,10.50
13,19,9.20,10.50
13,20,11.00,13.00
13,21,11.00,13.00
13,22,11.00,13.00
13,23,11.00,13.00
13,24,11.00,13.00
13,25,11.00,13.00
13,26,15.80,16.00
13,27,15.80,16.00
13,28,13.20,15.50
13,29,13.20,15.50
13,30,13.20,15.50
13,31,13.20,15.50
13,32,13.20,15.50
13,33,13.20,15.50
13,34,13.20,15.50
13,35,13.20,15.50
13,36,13.20,15.50
13,37,15.80,16.00
13,38,4.90,5.00
13,39,15.80,16.00
13,40,9.20,10.50
13,41,9.20,10.50
13,42,11.00,13.00
13,43,22.20,25.50
13,48,5.90,6.00
13,49,7.40,7.50
13,50,7.40,7.50
13,51,9.20,10.50
13,52,9.20,10.50
13,53,9.20,10.50
13,54,18.70,21.00
13,55,24.30,28.00
13,57,9.20,10.50
13,64,8.50,10.00
13,65,8.50,10.00
13,67,11.00,13.00
13,68,11.00,13.00
13,69,11.70,13.50
13,70,19.50,21.50
13,71,12.40,14.00
13,72,13.40,15.50
13,73,13.40,15.50
13,74,15.00,16.50
13,75,15.00,16.50
13,76,46.60,49.50
13,78,46.60,49.50
13,80,9.20,10.50
13,96,11.10,13.00
13,97,11.10,13.00
13,98,11.10,13.00
13,99,11.10,13.00
13,100,13.30,15.50
13,101,13.30,15.50
13,102,13.30,15.50
13,103,13.30,15.50
13,111,9.20,10.50
13,114,12.80,15.50
13,115,23.40,26.00
13,116,24.90,27.50
13,117,24.90,27.50
13,118,24.90,27.50
13,119,24.90,27.50
13,120,24.90,27.50
13,81,15.80,16.00
13,82,15.80,16.00
13,83,15.80,16.00
13,84,9.20,10.50
13,85,9.20,10.50
13,86,15.80,16.00
13,87,15.80,16.00
13,88,15.80,16.00
13,89,15.80,16.00
13,90,11.00,13.00
13,91,5.90,6.00
13,92,5.90,6.00
13,93,7.40,7.50
14,1,15.80,16.00
14,2,15.80,16.00
14,3,9.20,10.50
14,4,9.20,10.50
14,5,9.20,10.50
14,6,9.20,10.50
14,7,9.20,10.50
14,8,7.40,7.50
14,9,7.40,7.50
14,10,5.90,6.00
14,11,5.90,6.00
14,12,4.90,5.00
14,13,4.90,5.00
14,14,0.00,0.00
14,15,4.90,5.00
14,16,9.20,10.50
14,17,9.20,10.50
14,18,9.20,10.50
14,19,9.20,10.50
14,20,11.00,13.00
14,21,11.00,13.00
14,22,11.00,13.00
14,23,11.00,13.00
14,24,11.00,13.00
14,25,11.00,13.00
14,26,15.80,16.00
14,27,13.20,15.50
14,28,13.20,15.50
14,29,13.20,15.50
14,30,10.60,12.50
14,31,10.60,12.50
14,32,10.60,12.50
14,33,10.60,12.50
14,34,10.60,12.50
14,35,13.20,15.50
14,36,13.20,15.50
14,37,13.20,15.50
14,38,4.90,5.00
14,39,15.80,16.00
14,40,9.20,10.50
14,41,9.20,10.50
14,42,11.00,13.00
14,43,22.20,25.50
14,48,5.90,6.00
14,49,5.90,6.00
14,50,7.40,7.50
14,51,7.40,7.50
14,52,9.20,10.50
14,53,9.20,10.50
14,54,18.70,21.00
14,55,24.30,28.00
14,57,9.20,10.50
14,64,8.50,10.00
14,65,8.50,10.00
14,67,11.00,13.00
14,68,11.00,13.00
14,69,11.70,13.50
14,70,19.50,21.50
14,71,12.40,14.00
14,72,13.40,15.50
14,73,13.40,15.50
14,74,15.00,16.50
14,75,15.00,16.50
14,76,46.60,49.50
14,78,46.60,49.50
14,80,9.20,10.50
14,96,11.10,13.00
14,97,11.10,13.00
14,98,11.10,13.00
14,99,11.10,13.00
14,100,13.30,15.50
14,101,13.30,15.50
14,102,13.30,15.50
14,103,13.30,15.50
14,111,9.20,10.50
14,114,12.80,15.50
14,115,23.40,26.00
14,116,24.90,27.50
14,117,24.90,27.50
14,118,24.90,27.50
14,119,24.90,27.50
14,120,24.90,27.50
14,81,15.80,16.00
14,82,15.80,16.00
14,83,15.80,16.00
14,84,9.20,10.50
14,85,9.20,10.50
14,86,15.80,16.00
14,87,15.80,16.00
14,88,15.80,16.00
14,89,15.80,16.00
14,90,11.00,13.00
14,91,5.90,6.00
14,92,7.40,7.50
14,93,7.40,7.50
15,1,15.80,16.00
15,2,15.80,16.00
15,3,9.20,10.50
15,4,9.20,10.50
15,5,9.20,10.50
15,6,9.20,10.50
15,7,9.20,10.50
15,8,7.40,7.50
15,9,7.40,7.50
15,10,7.40,7.50
15,11,5.90,6.00
15,12,4.90,5.00
15,13,4.90,5.00
15,14,4.90,5.00
15,15,0.00,0.00
15,16,9.20,10.50
15,17,9.20,10.50
15,18,9.20,10.50
15,19,9.20,10.50
15,20,11.00,13.00
15,21,11.00,13.00
15,22,11.00,13.00
15,23,11.00,13.00
15,24,11.00,13.00
15,25,11.00,13.00
15,26,15.80,16.00
15,27,13.20,15.50
15,28,13.20,15.50
15,29,13.20,15.50
15,30,10.60,12.50
15,31,10.60,12.50
15,32,10.60,12.50
15,33,10.60,12.50
15,34,10.60,12.50
15,35,13.20,15.50
15,36,13.20,15.50
15,37,13.20,15.50
15,38,4.90,5.00
15,39,15.80,16.00
15,40,9.20,10.50
15,41,9.20,10.50
15,42,11.00,13.00
15,43,22.20,25.50
15,48,4.90,5.00
15,49,5.90,6.00
15,50,5.90,6.00
15,51,7.40,7.50
15,52,7.40,7.50
15,53,9.20,10.50
15,54,18.70,21.00
15,55,24.30,28.00
15,57,7.40,7.50
15,64,8.50,10.00
15,65,8.50,10.00
15,67,11.00,13.00
15,68,11.00,13.00
15,69,11.70,13.50
15,70,19.50,21.50
15,71,12.40,14.00
15,72,13.40,15.50
15,73,13.40,15.50
15,74,15.00,16.50
15,75,15.00,16.50
15,76,46.60,49.50
15,78,46.60,49.50
15,80,9.20,10.50
15,96,11.10,13.00
15,97,11.10,13.00
15,98,11.10,13.00
15,99,11.10,13.00
15,100,13.30,15.50
15,101,13.30,15.50
15,102,13.30,15.50
15,103,13.30,15.50
15,111,9.20,10.50
15,114,12.80,15.50
15,115,23.40,26.00
15,116,24.90,27.50
15,117,24.90,27.50
15,118,24.90,27.50
15,119,24.90,27.50
15,120,24.90,27.50
15,81,15.80,16.00
15,82,15.80,16.00
15,83,15.80,16.00
15,84,9.20,10.50
15,85,9.20,10.50
15,86,15.80,16.00
15,87,15.80,16.00
15,88,15.80,16.00
15,89,15.80,16.00
15,90,11.00,13.00
15,91,7.40,7.50
15,92,7.40,7.50
15,93,7.40,7.50
16,1,13.20,15.50
16,2,13.20,15.50
16,3,5.90,6.00
16,4,5.90,6.00
16,5,4.90,5.00
16,6,4.90,5.00
16,7,4.90,5.00
16,8,4.90,5.00
16,9,5.90,6.00
16,10,5.90,6.00
16,11,7.40,7.50
16,12,7.40,7.50
16,13,9.20,10.50
16,14,9.20,10.50
16,15,9.20,10.50
16,16,0.00,0.00
16,17,4.90,5.00
16,18,4.90,5.00
16,19,5.90,6.00
16,20,5.90,6.00
16,21,7.40,7.50
16,22,7.40,7.50
16,23,9.20,10.50
16,24,9.20,10.50
16,25,9.20,10.50
16,26,13.20,15.50
16,27,13.20,15.50
16,28,13.20,15.50
16,29,13.20,15.50
16,30,13.20,15.50
16,31,15.80,16.00
16,32,15.80,16.00
16,33,15.80,16.00
16,34,15.80,16.00
16,35,15.80,16.00
16,36,15.80,16.00
16,37,15.80,16.00
16,38,9.20,10.50
16,39,13.20,15.50
16,40,5.90,6.00
16,41,4.90,5.00
16,42,9.20,10.50
16,43,18.70,21.00
16,48,9.20,10.50
16,49,11.00,13.00
16,50,11.00,13.00
16,51,11.00,13.00
16,52,11.00,13.00
16,53,4.90,5.00
16,54,15.90,17.00
16,55,22.20,25.50
16,57,11.00,13.00
16,64,5.90,6.00
16,65,4.90,5.00
16,67,8.60,10.00
16,68,8.60,10.00
16,69,9.20,10.50
16,70,17.10,19.00
16,71,9.80,12.00
16,72,11.70,13.50
16,73,11.70,13.50
16,74,12.60,15.00
16,75,12.60,15.00
16,76,44.40,47.00
16,78,44.40,47.00
16,80,5.90,6.00
16,96,8.70,10.00
16,97,8.70,10.00
16,98,8.70,10.00
16,99,8.70,10.00
16,100,10.70,12.50
16,101,10.70,12.50
16,102,10.70,12.50
16,103,10.70,12.50
16,111,5.90,6.00
16,114,8.70,10.50
16,115,18.70,19.50
16,116,20.70,21.50
16,117,20.70,21.50
16,118,20.70,21.50
16,119,20.70,21.50
16,120,20.70,21.50
16,81,13.20,15.50
16,82,13.20,15.50
16,83,13.20,15.50
16,84,5.90,6.00
16,85,5.90,6.00
16,86,13.20,15.50
16,87,15.80,16.00
16,88,15.80,16.00
16,89,15.80,16.00
16,90,8.60,10.00
16,91,5.90,6.00
16,92,5.90,6.00
16,93,5.90,6.00
17,1,13.20,15.50
17,2,13.20,15.50
17,3,7.40,7.50
17,4,5.90,6.00
17,5,5.90,6.00
17,6,4.90,5.00
17,7,4.90,5.00
17,8,4.90,5.00
17,9,5.90,6.00
17,10,5.90,6.00
17,11,7.40,7.50
17,12,7.40,7.50
17,13,9.20,10.50
17,14,9.20,10.50
17,15,9.20,10.50
17,16,4.90,5.00
17,17,0.00,0.00
17,18,4.90,5.00
17,19,4.90,5.00
17,20,5.90,6.00
17,21,5.90,6.00
17,22,7.40,7.50
17,23,7.40,7.50
17,24,9.20,10.50
17,25,9.20,10.50
17,26,13.20,15.50
17,27,13.20,15.50
17,28,13.20,15.50
17,29,13.20,15.50
17,30,15.80,16.00
17,31,15.80,16.00
17,32,15.80,16.00
17,33,15.80,16.00
17,34,15.80,16.00
17,35,15.80,16.00
17,36,15.80,16.00
17,37,15.80,16.00
17,38,9.20,10.50
17,39,13.20,15.50
17,40,5.90,6.00
17,41,4.90,5.00
17,42,7.40,7.50
17,43,15.90,17.00
17,48,11.00,13.00
17,49,11.00,13.00
17,50,11.00,13.00
17,51,11.00,13.00
17,52,11.00,13.00
17,53,4.90,5.00
17,54,13.20,15.50
17,55,18.70,21.00
17,57,11.00,13.00
17,64,5.90,6.00
17,65,5.90,6.00
17,67,8.60,10.00
17,68,8.60,10.00
17,69,9.20,10.50
17,70,17.10,19.00
17,71,9.80,12.00
17,72,11.70,13.50
17,73,11.70,13.50
17,74,12.60,15.00
17,75,12.60,15.00
17,76,44.40,47.00
17,78,44.40,47.00
17,80,7.40,7.50
17,96,8.70,10.00
17,97,8.70,10.00
17,98,8.70,10.00
17,99,8.70,10.00
17,100,10.70,12.50
17,101,10.70,12.50
17,102,10.70,12.50
17,103,10.70,12.50
17,111,5.90,6.00
17,114,8.70,10.50
17,115,18.70,19.50
17,116,20.70,21.50
17,117,20.70,21.50
17,118,20.70,21.50
17,119,20.70,21.50
17,120,20.70,21.50
17,81,13.20,15.50
17,82,13.20,15.50
17,83,15.80,16.00
17,84,5.90,6.00
17,85,7.40,7.50
17,86,15.80,16.00
17,87,15.80,16.00
17,88,15.80,16.00
17,89,15.80,16.00
17,90,8.60,10.00
17,91,7.40,7.50
17,92,7.40,7.50
17,93,7.40,7.50
18,1,13.20,15.50
18,2,13.20,15.50
18,3,7.40,7.50
18,4,7.40,7.50
18,5,5.90,6.00
18,6,5.90,6.00
18,7,4.90,5.00
18,8,5.90,6.00
18,9,5.90,6.00
18,10,7.40,7.50
18,11,7.40,7.50
18,12,9.20,10.50
18,13,9.20,10.50
18,14,9.20,10.50
18,15,9.20,10.50
18,16,4.90,5.00
18,17,4.90,5.00
18,18,0.00,0.00
18,19,4.90,5.00
18,20,4.90,5.00
18,21,5.90,6.00
18,22,5.90,6.00
18,23,7.40,7.50
18,24,7.40,7.50
18,25,9.20,10.50
18,26,13.20,15.50
18,27,13.20,15.50
18,28,13.20,15.50
18,29,15.80,16.00
18,30,15.80,16.00
18,31,15.80,16.00
18,32,15.80,16.00
18,33,15.80,16.00
18,34,15.80,16.00
18,35,15.80,16.00
18,36,15.80,16.00
18,37,15.80,16.00
18,38,9.20,10.50
18,39,13.20,15.50
18,40,7.40,7.50
18,41,5.90,6.00
18,42,7.40,7.50
18,43,15.90,17.00
18,48,11.00,13.00
18,49,11.00,13.00
18,50,11.00,13.00
18,51,11.00,13.00
18,52,11.00,13.00
18,53,4.90,5.00
18,54,13.20,15.50
18,55,18.70,21.00
18,57,11.00,13.00
18,64,7.10,7.50
18,65,7.10,7.50
18,67,9.60,12.00
18,68,9.60,12.00
18,69,10.10,12.50
18,70,18.30,20.00
18,71,10.80,13.50
18,72,12.80,14.50
18,73,12.80,14.50
18,74,13.60,15.50
18,75,13.60,15.50
18,76,45.40,48.00
18,78,45.40,48.00
18,80,7.40,7.50
18,96,9.80,12.00
18,97,9.80,12.00
18,98,9.80,12.00
18,99,9.80,12.00
18,100,12.00,14.00
18,101,12.00,14.00
18,102,12.00,14.00
18,103,12.00,14.00
18,111,7.40,7.50
18,114,7.50,7.50
18,115,17.50,18.50
18,116,18.90,19.50
18,117,18.90,19.50
18,118,18.90,19.50
18,119,18.90,19.50
18,120,18.90,19.50
18,81,13.20,15.50
18,82,15.80,16.00
18,83,15.80,16.00
18,84,7.40,7.50
18,85,7.40,7.50
18,86,15.80,16.00
18,87,15.80,16.00
18,88,15.80,16.00
18,89,15.80,16.00
18,90,9.60,12.00
18,91,7.40,7.50
18,92,7.40,7.50
18,93,7.40,7.50
19,1,15.80,16.00
19,2,15.80,16.00
19,3,9.00,10.50
19,4,7.40,7.50
19,5,7.40,7.50
19,6,5.90,6.00
19,7,5.90,6.00
19,8,5.90,6.00
19,9,7.40,7.50
19,10,7.40,7.50
19,11,9.20,10.50
19,12,9.20,10.50
19,13,9.20,10.50
19,14,9.20,10.50
19,15,9.20,10.50
19,16,5.90,6.00
19,17,4.90,5.00
19,18,4.90,5.00
19,19,0.00,0.00
19,20,4.90,5.00
19,21,4.90,5.00
19,22,5.90,6.00
19,23,5.90,6.00
19,24,7.40,7.50
19,25,7.40,7.50
19,26,15.80,16.00
19,27,15.80,16.00
19,28,15.80,16.00
19,29,15.80,16.00
19,30,15.80,16.00
19,31,15.80,16.00
19,32,15.80,16.00
19,33,15.80,16.00
19,34,15.80,16.00
19,35,15.80,16.00
19,36,15.80,16.00
19,37,15.80,16.00
19,38,9.20,10.50
19,39,15.80,16.00
19,40,7.40,7.50
19,41,5.90,6.00
19,42,5.90,6.00
19,43,15.90,17.00
19,48,11.00,13.00
19,49,11.00,13.00
19,50,11.00,13.00
19,51,11.00,13.00
19,52,11.00,13.00
19,53,4.90,5.00
19,54,13.20,15.50
19,55,18.70,21.00
19,57,11.00,13.00
19,64,7.10,7.50
19,65,7.10,7.50
19,67,9.60,12.00
19,68,9.60,12.00
19,69,10.10,12.50
19,70,18.30,20.00
19,71,10.80,13.50
19,72,12.80,14.50
19,73,12.80,14.50
19,74,13.60,15.50
19,75,13.60,15.50
19,76,45.40,48.00
19,78,45.40,48.00
19,80,9.00,10.50
19,96,9.80,12.00
19,97,9.80,12.00
19,98,9.80,12.00
19,99,9.80,12.00
19,100,12.00,14.00
19,101,12.00,14.00
19,102,12.00,14.00
19,103,12.00,14.00
19,111,7.40,7.50
19,114,7.50,7.50
19,115,17.50,18.50
19,116,18.90,19.50
19,117,18.90,19.50
19,118,18.90,19.50
19,119,18.90,19.50
19,120,18.90,19.50
19,81,15.80,16.00
19,82,15.80,16.00
19,83,15.80,16.00
19,84,7.40,7.50
19,85,9.00,10.50
19,86,15.80,16.00
19,87,15.80,16.00
19,88,15.80,16.00
19,89,15.80,16.00
19,90,9.60,12.00
19,91,9.00,10.50
19,92,9.00,10.50
19,93,9.00,10.50
20,1,15.80,16.00
20,2,15.80,16.00
20,3,9.00,10.50
20,4,9.00,10.50
20,5,7.40,7.50
20,6,7.40,7.50
20,7,5.90,6.00
20,8,7.40,7.50
20,9,7.40,7.50
20,10,9.20,10.50
20,11,9.20,10.50
20,12,9.20,10.50
20,13,11.00,13.00
20,14,11.00,13.00
20,15,11.00,13.00
20,16,5.90,6.00
20,17,5.90,6.00
20,18,4.90,5.00
20,19,4.90,5.00
20,20,0.00,0.00
20,21,4.90,5.00
20,22,4.90,5.00
20,23,5.90,6.00
20,24,5.90,6.00
20,25,7.40,7.50
20,26,15.80,16.00
20,27,15.80,16.00
20,28,15.80,16.00
20,29,15.80,16.00
20,30,15.80,16.00
20,31,15.80,16.00
20,32,15.80,16.00
20,33,15.80,16.00
20,34,15.80,16.00
20,35,15.80,16.00
20,36,15.80,16.00
20,37,15.80,16.00
20,38,11.00,13.00
20,39,15.80,16.00
20,40,9.20,10.50
20,41,7.40,7.50
20,42,5.90,6.00
20,43,15.90,17.00
20,48,11.00,13.00
20,49,11.00,13.00
20,50,11.00,13.00
20,51,11.00,13.00
20,52,11.00,13.00
20,53,5.90,6.00
20,54,13.20,15.50
20,55,18.70,21.00
20,57,11.00,13.00
20,64,9.00,10.50
20,65,9.00,10.50
20,67,11.00,13.00
20,68,11.00,13.00
20,69,11.70,13.50
20,70,19.50,21.50
20,71,12.40,14.00
20,72,13.40,15.50
20,73,13.40,15.50
20,74,15.00,16.50
20,75,15.00,16.50
20,76,46.60,49.50
20,78,46.60,49.50
20,80,9.00,10.50
20,96,11.10,13.00
20,97,11.10,13.00
20,98,11.10,13.00
20,99,11.10,13.00
20,100,13.80,15.50
20,101,13.80,15.50
20,102,13.80,15.50
20,103,13.80,15.50
20,111,9.00,10.50
20,114,7.20,7.50
20,115,15.80,16.00
20,116,16.80,17.00
20,117,16.80,17.00
20,118,16.80,17.00
20,119,16.80,17.00
20,120,16.80,17.00
20,81,15.80,16.00
20,82,15.80,16.00
20,83,15.80,16.00
20,84,9.00,10.50
20,85,9.00,10.50
20,86,15.80,16.00
20,87,15.80,16.00
20,88,15.80,16.00
20,89,15.80,16.00
20,90,11.00,13.00
20,91,9.00,10.50
20,92,9.00,10.50
20,93,9.00,10.50
21,1,15.80,16.00
21,2,15.80,16.00
21,3,11.00,13.00
21,4,9.20,10.50
21,5,9.20,10.50
21,6,7.40,7.50
21,7,7.40,7.50
21,8,7.40,7.50
21,9,9.20,10.50
21,10,9.20,10.50
21,11,9.20,10.50
21,12,11.00,13.00
21,13,11.00,13.00
21,14,11.00,13.00
21,15,11.00,13.00
21,16,7.40,7.50
21,17,5.90,6.00
21,18,5.90,6.00
21,19,4.90,5.00
21,20,4.90,5.00
21,21,0.00,0.00
21,22,4.90,5.00
21,23,4.90,5.00
21,24,5.90,6.00
21,25,5.90,6.00
21,26,15.80,16.00
21,27,15.80,16.00
21,28,15.80,16.00
21,29,15.80,16.00
21,30,15.80,16.00
21,31,15.80,16.00
21,32,15.80,16.00
21,33,15.80,16.00
21,34,15.80,16.00
21,35,15.80,16.00
21,36,15.80,16.00
21,37,15.80,16.00
21,38,11.00,13.00
21,39,15.80,16.00
21,40,9.20,10.50
21,41,7.40,7.50
21,42,4.90,5.00
21,43,15.90,17.00
21,48,11.00,13.00
21,49,11.00,13.00
21,50,11.00,13.00
21,51,11.00,13.00
21,52,13.20,15.50
21,53,5.90,6.00
21,54,13.20,15.50
21,55,18.70,21.00
21,57,13.20,15.50
21,64,8.50,10.00
21,65,8.50,10.00
21,67,11.00,13.00
21,68,11.00,13.00
21,69,11.70,13.50
21,70,19.50,21.50
21,71,12.40,14.00
21,72,13.40,15.50
21,73,13.40,15.50
21,74,15.00,16.50
21,75,15.00,16.50
21,76,46.60,49.50
21,78,46.60,49.50
21,80,11.00,13.00
21,96,11.10,13.00
21,97,11.10,13.00
21,98,11.10,13.00
21,99,11.10,13.00
21,100,13.80,15.50
21,101,13.80,15.50
21,102,13.80,15.50
21,103,13.80,15.50
21,111,9.20,10.50
21,114,5.90,6.00
21,115,17.50,18.50
21,116,18.90,19.50
21,117,18.90,19.50
21,118,18.90,19.50
21,119,18.90,19.50
21,120,18.90,19.50
21,81,15.80,16.00
21,82,15.80,16.00
21,83,15.80,16.00
21,84,9.20,10.50
21,85,11.00,13.00
21,86,15.80,16.00
21,87,15.80,16.00
21,88,15.80,16.00
21,89,15.80,16.00
21,90,11.00,13.00
21,91,9.20,10.50
21,92,9.20,10.50
21,93,9.20,10.50
22,1,15.80,16.00
22,2,15.80,16.00
22,3,11.00,13.00
22,4,11.00,13.00
22,5,9.20,10.50
22,6,9.20,10.50
22,7,7.40,7.50
22,8,9.20,10.50
22,9,9.20,10.50
22,10,9.20,10.50
22,11,11.00,13.00
22,12,11.00,13.00
22,13,11.00,13.00
22,14,11.00,13.00
22,15,11.00,13.00
22,16,7.40,7.50
22,17,7.40,7.50
22,18,5.90,6.00
22,19,5.90,6.00
22,20,4.90,5.00
22,21,4.90,5.00
22,22,0.00,0.00
22,23,4.90,5.00
22,24,4.90,5.00
22,25,5.90,6.00
22,26,15.80,16.00
22,27,15.80,16.00
22,28,15.80,16.00
22,29,15.80,16.00
22,30,15.80,16.00
22,31,15.80,16.00
22,32,15.80,16.00
22,33,15.80,16.00
22,34,15.80,16.00
22,35,15.80,16.00
22,36,15.80,16.00
22,37,15.80,16.00
22,38,11.00,13.00
22,39,15.80,16.00
22,40,11.00,13.00
22,41,9.20,10.50
22,42,4.90,5.00
22,43,15.90,17.00
22,48,11.00,13.00
22,49,11.00,13.00
22,50,11.00,13.00
22,51,13.20,15.50
22,52,13.20,15.50
22,53,7.40,7.50
22,54,13.20,15.50
22,55,18.70,21.00
22,57,13.20,15.50
22,64,10.00,12.50
22,65,10.00,12.50
22,67,12.30,14.00
22,68,12.30,14.00
22,69,12.60,15.50
22,70,21.80,25.50
22,71,13.30,15.50
22,72,15.00,17.00
22,73,15.00,17.00
22,74,17.40,19.50
22,75,17.40,19.50
22,76,48.20,52.00
22,78,48.20,52.00
22,80,11.00,13.00
22,96,12.30,15.00
22,97,12.30,15.00
22,98,12.30,15.00
22,99,12.30,15.00
22,100,15.90,17.00
22,101,15.90,17.00
22,102,15.90,17.00
22,103,15.90,17.00
22,111,11.00,13.00
22,114,5.90,6.00
22,115,17.50,18.50
22,116,18.90,19.50
22,117,18.90,19.50
22,118,18.90,19.50
22,119,18.90,19.50
22,120,18.90,19.50
22,81,15.80,16.00
22,82,15.80,16.00
22,83,15.80,16.00
22,84,11.00,13.00
22,85,11.00,13.00
22,86,15.80,16.00
22,87,15.80,16.00
22,88,15.80,16.00
22,89,15.80,16.00
22,90,12.30,14.00
22,91,11.00,13.00
22,92,11.00,13.00
22,93,11.00,13.00
23,1,15.80,16.00
23,2,15.80,16.00
23,3,11.00,13.00
23,4,11.00,13.00
23,5,11.00,13.00
23,6,9.20,10.50
23,7,9.20,10.50
23,8,9.20,10.50
23,9,9.20,10.50
23,10,11.00,13.00
23,11,11.00,13.00
23,12,11.00,13.00
23,13,11.00,13.00
23,14,11.00,13.00
23,15,11.00,13.00
23,16,9.20,10.50
23,17,7.40,7.50
23,18,7.40,7.50
23,19,5.90,6.00
23,20,5.90,6.00
23,21,4.90,5.00
23,22,4.90,5.00
23,23,0.00,0.00
23,24,4.90,5.00
23,25,4.90,5.00
23,26,15.80,16.00
23,27,15.80,16.00
23,28,15.80,16.00
23,29,15.80,16.00
23,30,15.80,16.00
23,31,15.80,16.00
23,32,15.80,16.00
23,33,15.80,16.00
23,34,15.80,16.00
23,35,15.80,16.00
23,36,15.80,16.00
23,37,15.80,16.00
23,38,11.00,13.00
23,39,15.80,16.00
23,40,11.00,13.00
23,41,9.20,10.50
23,42,4.90,5.00
23,43,15.90,17.00
23,48,11.00,13.00
23,49,11.00,13.00
23,50,13.20,15.50
23,51,13.20,15.50
23,52,13.20,15.50
23,53,7.40,7.50
23,54,13.20,15.50
23,55,18.70,21.00
23,57,13.20,15.50
23,64,10.00,12.50
23,65,10.00,12.50
23,67,12.30,14.00
23,68,12.30,14.00
23,69,12.60,15.50
23,70,21.80,25.50
23,71,13.30,15.50
23,72,15.00,17.00
23,73,15.00,17.00
23,74,17.40,19.50
23,75,17.40,19.50
23,76,48.20,52.00
23,78,48.20,52.00
23,80,11.00,13.00
23,96,12.30,15.00
23,97,12.30,15.00
23,98,12.30,15.00
23,99,12.30,15.00
23,100,15.90,17.00
23,101,15.90,17.00
23,102,15.90,17.00
23,103,15.90,17.00
23,111,11.00,13.00
23,114,5.90,6.00
23,115,18.70,19.50
23,116,20.70,21.50
23,117,20.70,21.50
23,118,20.70,21.50
23,119,20.70,21.50
23,120,20.70,21.50
23,81,15.80,16.00
23,82,15.80,16.00
23,83,15.80,16.00
23,84,11.00,13.00
23,85,11.00,13.00
23,86,15.80,16.00
23,87,15.80,16.00
23,88,15.80,16.00
23,89,15.80,16.00
23,90,12.30,14.00
23,91,11.00,13.00
23,92,11.00,13.00
23,93,11.00,13.00
24,1,15.80,16.00
24,2,15.80,16.00
24,3,11.00,13.00
24,4,11.00,13.00
24,5,11.00,13.00
24,6,9.20,10.50
24,7,9.20,10.50
24,8,9.20,10.50
24,9,11.00,13.00
24,10,11.00,13.00
24,11,11.00,13.00
24,12,11.00,13.00
24,13,11.00,13.00
24,14,11.00,13.00
24,15,11.00,13.00
24,16,9.20,10.50
24,17,9.20,10.50
24,18,7.40,7.50
24,19,7.40,7.50
24,20,5.90,6.00
24,21,5.90,6.00
24,22,4.90,5.00
24,23,4.90,5.00
24,24,0.00,0.00
24,25,4.90,5.00
24,26,15.80,16.00
24,27,15.80,16.00
24,28,15.80,16.00
24,29,15.80,16.00
24,30,15.80,16.00
24,31,15.80,16.00
24,32,15.80,16.00
24,33,15.80,16.00
24,34,15.80,16.00
24,35,15.80,16.00
24,36,15.80,16.00
24,37,15.80,16.00
24,38,11.00,13.00
24,39,15.80,16.00
24,40,11.00,13.00
24,41,9.20,10.50
24,42,4.90,5.00
24,43,15.90,17.00
24,48,11.00,13.00
24,49,13.20,15.50
24,50,13.20,15.50
24,51,13.20,15.50
24,52,13.20,15.50
24,53,9.20,10.50
24,54,13.20,15.50
24,55,18.70,21.00
24,57,13.20,15.50
24,64,10.00,12.50
24,65,10.00,12.50
24,67,12.30,14.00
24,68,12.30,14.00
24,69,12.60,15.50
24,70,21.80,25.50
24,71,13.30,15.50
24,72,15.00,17.00
24,73,15.00,17.00
24,74,17.40,19.50
24,75,17.40,19.50
24,76,48.20,52.00
24,78,48.20,52.00
24,80,11.00,13.00
24,96,12.30,15.00
24,97,12.30,15.00
24,98,12.30,15.00
24,99,12.30,15.00
24,100,15.90,17.00
24,101,15.90,17.00
24,102,15.90,17.00
24,103,15.90,17.00
24,111,11.00,13.00
24,114,4.90,5.00
24,115,18.70,19.50
24,116,20.70,21.50
24,117,20.70,21.50
24,118,20.70,21.50
24,119,20.70,21.50
24,120,20.70,21.50
24,81,15.80,16.00
24,82,15.80,16.00
24,83,15.80,16.00
24,84,11.00,13.00
24,85,11.00,13.00
24,86,15.80,16.00
24,87,15.80,16.00
24,88,15.80,16.00
24,89,15.80,16.00
24,90,12.30,14.00
24,91,11.00,13.00
24,92,11.00,13.00
24,93,11.00,13.00
25,1,15.80,16.00
25,2,15.80,16.00
25,3,11.00,13.00
25,4,11.00,13.00
25,5,11.00,13.00
25,6,9.20,10.50
25,7,9.20,10.50
25,8,9.20,10.50
25,9,11.00,13.00
25,10,11.00,13.00
25,11,11.00,13.00
25,12,11.00,13.00
25,13,11.00,13.00
25,14,11.00,13.00
25,15,11.00,13.00
25,16,9.20,10.50
25,17,9.20,10.50
25,18,9.20,10.50
25,19,7.40,7.50
25,20,7.40,7.50
25,21,5.90,6.00
25,22,5.90,6.00
25,23,4.90,5.00
25,24,4.90,5.00
25,25,0.00,0.00
25,26,15.80,16.00
25,27,15.80,16.00
25,28,15.80,16.00
25,29,15.80,16.00
25,30,15.80,16.00
25,31,15.80,16.00
25,32,15.80,16.00
25,33,15.80,16.00
25,34,15.80,16.00
25,35,15.80,16.00
25,36,15.80,16.00
25,37,15.80,16.00
25,38,11.00,13.00
25,39,15.80,16.00
25,40,11.00,13.00
25,41,9.20,10.50
25,42,4.90,5.00
25,43,15.90,17.00
25,48,13.20,15.50
25,49,13.20,15.50
25,50,13.20,15.50
25,51,13.20,15.50
25,52,13.20,15.50
25,53,9.20,10.50
25,54,13.20,15.50
25,55,18.70,21.00
25,57,13.20,15.50
25,64,10.00,12.50
25,65,10.00,12.50
25,67,12.30,14.00
25,68,12.30,14.00
25,69,12.60,15.50
25,70,21.80,25.50
25,71,13.30,15.50
25,72,15.00,17.00
25,73,15.00,17.00
25,74,17.40,19.50
25,75,17.40,19.50
25,76,48.20,52.00
25,78,48.20,52.00
25,80,11.00,13.00
25,96,12.30,15.00
25,97,12.30,15.00
25,98,12.30,15.00
25,99,12.30,15.00
25,100,15.90,17.00
25,101,15.90,17.00
25,102,15.90,17.00
25,103,15.90,17.00
25,111,11.00,13.00
25,114,4.90,5.00
25,115,20.80,21.50
25,116,21.80,22.50
25,117,21.80,22.50
25,118,21.80,22.50
25,119,21.80,22.50
25,120,21.80,22.50
25,81,15.80,16.00
25,82,15.80,16.00
25,83,15.80,16.00
25,84,11.00,13.00
25,85,11.00,13.00
25,86,15.80,16.00
25,87,15.80,16.00
25,88,15.80,16.00
25,89,15.80,16.00
25,90,12.30,14.00
25,91,11.00,13.00
25,92,11.00,13.00
25,93,11.00,13.00
26,1,4.90,5.00
26,2,4.90,5.00
26,3,10.60,12.50
26,4,10.60,12.50
26,5,13.20,15.50
26,6,13.20,15.50
26,7,13.20,15.50
26,8,13.20,15.50
26,9,15.80,16.00
26,10,15.80,16.00
26,11,15.80,16.00
26,12,15.80,16.00
26,13,15.80,16.00
26,14,15.80,16.00
26,15,15.80,16.00
26,16,13.20,15.50
26,17,13.20,15.50
26,18,13.20,15.50
26,19,15.80,16.00
26,20,15.80,16.00
26,21,15.80,16.00
26,22,15.80,16.00
26,23,15.80,16.00
26,24,15.80,16.00
26,25,15.80,16.00
26,26,0.00,0.00
26,27,5.90,6.00
26,28,5.90,6.00
26,29,5.90,6.00
26,30,7.40,7.50
26,31,7.40,7.50
26,32,7.40,7.50
26,33,9.20,10.50
26,34,9.20,10.50
26,35,9.20,10.50
26,36,9.20,10.50
26,37,9.20,10.50
26,38,15.80,16.00
26,39,4.90,5.00
26,40,10.60,12.50
26,41,13.20,15.50
26,42,15.80,16.00
26,43,24.30,28.00
26,48,15.80,16.00
26,49,15.80,16.00
26,50,15.80,16.00
26,51,15.80,16.00
26,52,15.80,16.00
26,53,13.20,15.50
26,54,22.20,25.50
26,55,27.90,31.00
26,57,15.80,16.00
26,64,12.60,15.00
26,65,12.90,15.50
26,67,17.10,19.00
26,68,17.10,19.00
26,69,17.60,19.50
26,70,25.70,28.50
26,71,18.40,20.00
26,72,19.90,22.00
26,73,19.90,22.00
26,74,22.20,25.50
26,75,22.20,25.50
26,76,52.20,55.50
26,78,52.20,55.50
26,80,10.60,12.50
26,96,17.20,19.00
26,97,17.20,19.00
26,98,17.20,19.00
26,99,17.20,19.00
26,100,20.80,22.00
26,101,20.80,22.00
26,102,20.80,22.00
26,103,20.80,22.00
26,111,10.60,12.50
26,114,17.80,19.50
26,115,28.00,30.00
26,116,29.30,31.00
26,117,29.30,31.00
26,118,29.30,31.00
26,119,29.30,31.00
26,120,29.30,31.00
26,81,4.90,5.00
26,82,4.90,5.00
26,83,5.90,6.00
26,84,13.20,15.50
26,85,13.20,15.50
26,86,7.40,7.50
26,87,7.40,7.50
26,88,7.40,7.50
26,89,9.20,10.50
26,90,17.10,19.00
26,91,13.20,15.50
26,92,13.20,15.50
26,93,13.20,15.50
27,1,4.90,5.00
27,2,4.90,5.00
27,3,10.60,12.50
27,4,10.60,12.50
27,5,13.20,15.50
27,6,13.20,15.50
27,7,13.20,15.50
27,8,13.20,15.50
27,9,15.80,16.00
27,10,15.80,16.00
27,11,15.80,16.00
27,12,15.80,16.00
27,13,15.80,16.00
27,14,13.20,15.50
27,15,13.20,15.50
27,16,13.20,15.50
27,17,13.20,15.50
27,18,13.20,15.50
27,19,15.80,16.00
27,20,15.80,16.00
27,21,15.80,16.00
27,22,15.80,16.00
27,23,15.80,16.00
27,24,15.80,16.00
27,25,15.80,16.00
27,26,5.90,6.00
27,27,0.00,0.00
27,28,4.90,5.00
27,29,4.90,5.00
27,30,5.90,6.00
27,31,5.90,6.00
27,32,7.40,7.50
27,33,7.40,7.50
27,34,9.20,10.50
27,35,9.20,10.50
27,36,9.20,10.50
27,37,9.20,10.50
27,38,13.20,15.50
27,39,4.90,5.00
27,40,10.60,12.50
27,41,13.20,15.50
27,42,15.80,16.00
27,43,24.30,28.00
27,48,13.20,15.50
27,49,15.80,16.00
27,50,15.80,16.00
27,51,15.80,16.00
27,52,15.80,16.00
27,53,13.20,15.50
27,54,22.20,25.50
27,55,27.90,31.00
27,57,15.80,16.00
27,64,12.60,15.00
27,65,12.90,15.50
27,67,17.10,19.00
27,68,17.10,19.00
27,69,17.60,19.50
27,70,25.70,28.50
27,71,18.40,20.00
27,72,19.90,22.00
27,73,19.90,22.00
27,74,22.20,25.50
27,75,22.20,25.50
27,76,52.20,55.50
27,78,52.20,55.50
27,80,10.60,12.50
27,96,17.20,19.00
27,97,17.20,19.00
27,98,17.20,19.00
27,99,17.20,19.00
27,100,20.80,22.00
27,101,20.80,22.00
27,102,20.80,22.00
27,103,20.80,22.00
27,111,10.60,12.50
27,114,17.80,19.50
27,115,28.00,30.00
27,116,29.30,31.00
27,117,29.30,31.00
27,118,29.30,31.00
27,119,29.30,31.00
27,120,29.30,31.00
27,81,5.90,6.00
27,82,5.90,6.00
27,83,7.40,7.50
27,84,13.20,15.50
27,85,13.20,15.50
27,86,5.90,6.00
27,87,7.40,7.50
27,88,7.40,7.50
27,89,7.40,7.50
27,90,17.10,19.00
27,91,13.20,15.50
27,92,13.20,15.50
27,93,13.20,15.50
28,1,5.90,6.00
28,2,4.90,5.00
28,3,13.20,15.50
28,4,13.20,15.50
28,5,13.20,15.50
28,6,13.20,15.50
28,7,13.20,15.50
28,8,13.20,15.50
28,9,15.80,16.00
28,10,15.80,16.00
28,11,15.80,16.00
28,12,15.80,16.00
28,13,13.20,15.50
28,14,13.20,15.50
28,15,13.20,15.50
28,16,13.20,15.50
28,17,13.20,15.50
28,18,13.20,15.50
28,19,15.80,16.00
28,20,15.80,16.00
28,21,15.80,16.00
28,22,15.80,16.00
28,23,15.80,16.00
28,24,15.80,16.00
28,25,15.80,16.00
28,26,5.90,6.00
28,27,4.90,5.00
28,28,0.00,0.00
28,29,4.90,5.00
28,30,4.90,5.00
28,31,5.90,6.00
28,32,5.90,6.00
28,33,7.40,7.50
28,34,7.40,7.50
28,35,9.20,10.50
28,36,9.20,10.50
28,37,9.20,10.50
28,38,13.20,15.50
28,39,5.90,6.00
28,40,13.20,15.50
28,41,13.20,15.50
28,42,15.80,16.00
28,43,24.30,28.00
28,48,13.20,15.50
28,49,13.20,15.50
28,50,15.80,16.00
28,51,15.80,16.00
28,52,15.80,16.00
28,53,13.20,15.50
28,54,22.20,25.50
28,55,27.90,31.00
28,57,15.80,16.00
28,64,13.20,15.50
28,65,13.20,15.50
28,67,17.10,19.00
28,68,17.10,19.00
28,69,17.60,19.50
28,70,25.70,28.50
28,71,18.40,20.00
28,72,19.90,22.00
28,73,19.90,22.00
28,74,22.20,25.50
28,75,22.20,25.50
28,76,52.20,55.50
28,78,52.20,55.50
28,80,13.20,15.50
28,96,17.20,19.00
28,97,17.20,19.00
28,98,17.20,19.00
28,99,17.20,19.00
28,100,20.80,22.00
28,101,20.80,22.00
28,102,20.80,22.00
28,103,20.80,22.00
28,111,13.20,15.50
28,114,17.80,19.50
28,115,28.00,30.00
28,116,29.30,31.00
28,117,29.30,31.00
28,118,29.30,31.00
28,119,29.30,31.00
28,120,29.30,31.00
28,81,5.90,6.00
28,82,7.40,7.50
28,83,7.40,7.50
28,84,13.20,15.50
28,85,13.20,15.50
28,86,5.90,6.00
28,87,7.40,7.50
28,88,7.40,7.50
28,89,7.40,7.50
28,90,17.10,19.00
28,91,13.20,15.50
28,92,13.20,15.50
28,93,13.20,15.50
29,1,5.90,6.00
29,2,5.90,6.00
29,3,13.20,15.50
29,4,13.20,15.50
29,5,13.20,15.50
29,6,13.20,15.50
29,7,13.20,15.50
29,8,15.80,16.00
29,9,15.80,16.00
29,10,15.80,16.00
29,11,15.80,16.00
29,12,13.20,15.50
29,13,13.20,15.50
29,14,13.20,15.50
29,15,13.20,15.50
29,16,13.20,15.50
29,17,13.20,15.50
29,18,15.80,16.00
29,19,15.80,16.00
29,20,15.80,16.00
29,21,15.80,16.00
29,22,15.80,16.00
29,23,15.80,16.00
29,24,15.80,16.00
29,25,15.80,16.00
29,26,5.90,6.00
29,27,4.90,5.00
29,28,4.90,5.00
29,29,0.00,0.00
29,30,4.90,5.00
29,31,4.90,5.00
29,32,5.90,6.00
29,33,5.90,6.00
29,34,7.40,7.50
29,35,7.40,7.50
29,36,9.20,10.50
29,37,9.20,10.50
29,38,13.20,15.50
29,39,5.90,6.00
29,40,13.20,15.50
29,41,13.20,15.50
29,42,15.80,16.00
29,43,24.30,28.00
29,48,13.20,15.50
29,49,13.20,15.50
29,50,13.20,15.50
29,51,15.80,16.00
29,52,15.80,16.00
29,53,13.20,15.50
29,54,22.20,25.50
29,55,27.90,31.00
29,57,15.80,16.00
29,64,14.80,16.00
29,65,15.80,16.00
29,67,19.50,21.50
29,68,19.50,21.50
29,69,19.90,22.00
29,70,27.90,30.50
29,71,20.90,22.50
29,72,23.00,26.50
29,73,23.00,26.50
29,74,24.50,27.50
29,75,24.50,27.50
29,76,54.40,57.00
29,78,54.40,57.00
29,80,13.20,15.50
29,96,20.40,22.00
29,97,20.40,22.00
29,98,20.40,22.00
29,99,20.40,22.00
29,100,22.90,26.00
29,101,22.90,26.00
29,102,22.90,26.00
29,103,22.90,26.00
29,111,13.20,15.50
29,114,17.80,19.50
29,115,28.00,30.00
29,116,29.30,31.00
29,117,29.30,31.00
29,118,29.30,31.00
29,119,29.30,31.00
29,120,29.30,31.00
29,81,7.40,7.50
29,82,7.40,7.50
29,83,7.40,7.50
29,84,13.20,15.50
29,85,13.20,15.50
29,86,7.40,7.50
29,87,7.40,7.50
29,88,7.40,7.50
29,89,9.20,10.50
29,90,19.50,21.50
29,91,13.20,15.50
29,92,13.20,15.50
29,93,13.20,15.50
30,1,5.90,6.00
30,2,5.90,6.00
30,3,13.20,15.50
30,4,13.20,15.50
30,5,13.20,15.50
30,6,13.20,15.50
30,7,15.80,16.00
30,8,15.80,16.00
30,9,15.80,16.00
30,10,15.80,16.00
30,11,13.20,15.50
30,12,13.20,15.50
30,13,13.20,15.50
30,14,10.60,12.50
30,15,10.60,12.50
30,16,13.20,15.50
30,17,15.80,16.00
30,18,15.80,16.00
30,19,15.80,16.00
30,20,15.80,16.00
30,21,15.80,16.00
30,22,15.80,16.00
30,23,15.80,16.00
30,24,15.80,16.00
30,25,15.80,16.00
30,26,7.40,7.50
30,27,5.90,6.00
30,28,4.90,5.00
30,29,4.90,5.00
30,30,0.00,0.00
30,31,4.90,5.00
30,32,4.90,5.00
30,33,5.90,6.00
30,34,5.90,6.00
30,35,7.40,7.50
30,36,7.40,7.50
30,37,7.40,7.50
30,38,10.60,12.50
30,39,5.90,6.00
30,40,13.20,15.50
30,41,13.20,15.50
30,42,15.80,16.00
30,43,27.90,31.00
30,48,10.60,12.50
30,49,13.20,15.50
30,50,13.20,15.50
30,51,13.20,15.50
30,52,15.80,16.00
30,53,15.80,16.00
30,54,24.30,28.00
30,55,27.90,31.00
30,57,15.80,16.00
30,64,14.80,16.00
30,65,15.80,16.00
30,67,19.50,21.50
30,68,19.50,21.50
30,69,19.90,22.00
30,70,27.90,30.50
30,71,20.90,22.50
30,72,23.00,26.50
30,73,23.00,26.50
30,74,24.50,27.50
30,75,24.50,27.50
30,76,54.40,57.00
30,78,54.40,57.00
30,80,13.20,15.50
30,96,20.40,22.00
30,97,20.40,22.00
30,98,20.40,22.00
30,99,20.40,22.00
30,100,22.90,26.00
30,101,22.90,26.00
30,102,22.90,26.00
30,103,22.90,26.00
30,111,13.20,15.50
30,114,18.70,21.00
30,115,29.30,31.00
30,116,30.20,32.00
30,117,30.20,32.00
30,118,30.20,32.00
30,119,30.20,32.00
30,120,30.20,32.00
30,81,7.40,7.50
30,82,7.40,7.50
30,83,9.20,10.50
30,84,13.20,15.50
30,85,13.20,15.50
30,86,7.40,7.50
30,87,7.40,7.50
30,88,9.20,10.50
30,89,9.20,10.50
30,90,19.50,21.50
30,91,13.20,15.50
30,92,13.20,15.50
30,93,13.20,15.50
31,1,7.40,7.50
31,2,7.40,7.50
31,3,13.20,15.50
31,4,13.20,15.50
31,5,13.20,15.50
31,6,13.20,15.50
31,7,15.80,16.00
31,8,15.80,16.00
31,9,15.80,16.00
31,10,13.20,15.50
31,11,13.20,15.50
31,12,13.20,15.50
31,13,13.20,15.50
31,14,10.60,12.50
31,15,10.60,12.50
31,16,15.80,16.00
31,17,15.80,16.00
31,18,15.80,16.00
31,19,15.80,16.00
31,20,15.80,16.00
31,21,15.80,16.00
31,22,15.80,16.00
31,23,15.80,16.00
31,24,15.80,16.00
31,25,15.80,16.00
31,26,7.40,7.50
31,27,5.90,6.00
31,28,5.90,6.00
31,29,4.90,5.00
31,30,4.90,5.00
31,31,0.00,0.00
31,32,4.90,5.00
31,33,4.90,5.00
31,34,5.90,6.00
31,35,5.90,6.00
31,36,7.40,7.50
31,37,7.40,7.50
31,38,10.60,12.50
31,39,7.40,7.50
31,40,13.20,15.50
31,41,13.20,15.50
31,42,15.80,16.00
31,43,27.90,31.00
31,48,10.60,12.50
31,49,13.20,15.50
31,50,13.20,15.50
31,51,13.20,15.50
31,52,13.20,15.50
31,53,15.80,16.00
31,54,24.30,28.00
31,55,27.90,31.00
31,57,13.20,15.50
31,64,14.80,17.00
31,65,16.10,17.50
31,67,19.50,21.50
31,68,19.50,21.50
31,69,19.90,22.00
31,70,27.90,30.50
31,71,20.90,22.50
31,72,23.00,26.50
31,73,23.00,26.50
31,74,24.50,27.50
31,75,24.50,27.50
31,76,54.40,57.00
31,78,54.40,57.00
31,80,13.20,15.50
31,96,20.40,22.00
31,97,20.40,22.00
31,98,20.40,22.00
31,99,20.40,22.00
31,100,22.90,26.00
31,101,22.90,26.00
31,102,22.90,26.00
31,103,22.90,26.00
31,111,13.20,15.50
31,114,18.70,21.00
31,115,29.30,31.00
31,116,30.20,32.00
31,117,30.20,32.00
31,118,30.20,32.00
31,119,30.20,32.00
31,120,30.20,32.00
31,81,7.40,7.50
31,82,9.20,10.50
31,83,9.20,10.50
31,84,13.20,15.50
31,85,15.80,16.00
31,86,7.40,7.50
31,87,9.20,10.50
31,88,9.20,10.50
31,89,9.20,10.50
31,90,19.50,21.50
31,91,13.20,15.50
31,92,13.20,15.50
31,93,13.20,15.50
32,1,7.40,7.50
32,2,7.40,7.50
32,3,13.20,15.50
32,4,13.20,15.50
32,5,13.20,15.50
32,6,15.80,16.00
32,7,15.80,16.00
32,8,15.80,16.00
32,9,15.80,16.00
32,10,13.20,15.50
32,11,13.20,15.50
32,12,13.20,15.50
32,13,13.20,15.50
32,14,10.60,12.50
32,15,10.60,12.50
32,16,15.80,16.00
32,17,15.80,16.00
32,18,15.80,16.00
32,19,15.80,16.00
32,20,15.80,16.00
32,21,15.80,16.00
32,22,15.80,16.00
32,23,15.80,16.00
32,24,15.80,16.00
32,25,15.80,16.00
32,26,7.40,7.50
32,27,7.40,7.50
32,28,5.90,6.00
32,29,5.90,6.00
32,30,4.90,5.00
32,31,4.90,5.00
32,32,0.00,0.00
32,33,4.90,5.00
32,34,4.90,5.00
32,35,5.90,6.00
32,36,5.90,6.00
32,37,7.40,7.50
32,38,10.60,12.50
32,39,7.40,7.50
32,40,13.20,15.50
32,41,15.80,16.00
32,42,15.80,16.00
32,43,27.90,31.00
32,48,10.60,12.50
32,49,13.20,15.50
32,50,13.20,15.50
32,51,13.20,15.50
32,52,13.20,15.50
32,53,15.80,16.00
32,54,24.30,28.00
32,55,27.90,31.00
32,57,13.20,15.50
32,64,14.80,17.00
32,65,16.10,17.50
32,67,19.50,21.50
32,68,19.50,21.50
32,69,19.90,22.00
32,70,27.90,30.50
32,71,20.90,22.50
32,72,23.00,26.50
32,73,23.00,26.50
32,74,24.50,27.50
32,75,24.50,27.50
32,76,54.40,57.00
32,78,54.40,57.00
32,80,13.20,15.50
32,96,20.40,22.00
32,97,20.40,22.00
32,98,20.40,22.00
32,99,20.40,22.00
32,100,22.90,26.00
32,101,22.90,26.00
32,102,22.90,26.00
32,103,22.90,26.00
32,111,13.20,15.50
32,114,18.70,21.00
32,115,29.30,31.00
32,116,30.20,32.00
32,117,30.20,32.00
32,118,30.20,32.00
32,119,30.20,32.00
32,120,30.20,32.00
32,81,9.20,10.50
32,82,9.20,10.50
32,83,9.20,10.50
32,84,15.80,16.00
32,85,15.80,16.00
32,86,9.20,10.50
32,87,9.20,10.50
32,88,9.20,10.50
32,89,9.20,10.50
32,90,19.50,21.50
32,91,13.20,15.50
32,92,13.20,15.50
32,93,15.80,16.00
33,1,7.40,7.50
33,2,7.40,7.50
33,3,15.80,16.00
33,4,15.80,16.00
33,5,15.80,16.00
33,6,15.80,16.00
33,7,15.80,16.00
33,8,15.80,16.00
33,9,15.80,16.00
33,10,13.20,15.50
33,11,13.20,15.50
33,12,13.20,15.50
33,13,13.20,15.50
33,14,10.60,12.50
33,15,10.60,12.50
33,16,15.80,16.00
33,17,15.80,16.00
33,18,15.80,16.00
33,19,15.80,16.00
33,20,15.80,16.00
33,21,15.80,16.00
33,22,15.80,16.00
33,23,15.80,16.00
33,24,15.80,16.00
33,25,15.80,16.00
33,26,9.20,10.50
33,27,7.40,7.50
33,28,7.40,7.50
33,29,5.90,6.00
33,30,5.90,6.00
33,31,4.90,5.00
33,32,4.90,5.00
33,33,0.00,0.00
33,34,4.90,5.00
33,35,4.90,5.00
33,36,5.90,6.00
33,37,5.90,6.00
33,38,10.60,12.50
33,39,7.40,7.50
33,40,15.80,16.00
33,41,15.80,16.00
33,42,15.80,16.00
33,43,27.90,31.00
33,48,10.60,12.50
33,49,13.20,15.50
33,50,13.20,15.50
33,51,13.20,15.50
33,52,13.20,15.50
33,53,15.80,16.00
33,54,24.30,28.00
33,55,27.90,31.00
33,57,13.20,15.50
33,64,17.00,19.00
33,65,17.00,19.00
33,67,19.50,21.50
33,68,19.50,21.50
33,69,19.90,22.00
33,70,27.90,30.50
33,71,20.90,22.50
33,72,23.00,26.50
33,73,23.00,26.50
33,74,24.50,27.50
33,75,24.50,27.50
33,76,54.40,57.00
33,78,54.40,57.00
33,80,15.80,16.00
33,96,20.40,22.00
33,97,20.40,22.00
33,98,20.40,22.00
33,99,20.40,22.00
33,100,22.90,26.00
33,101,22.90,26.00
33,102,22.90,26.00
33,103,22.90,26.00
33,111,15.80,16.00
33,114,18.70,21.00
33,115,29.30,31.00
33,116,30.20,32.00
33,117,30.20,32.00
33,118,30.20,32.00
33,119,30.20,32.00
33,120,30.20,32.00
33,81,9.20,10.50
33,82,9.20,10.50
33,83,9.20,10.50
33,84,15.80,16.00
33,85,15.80,16.00
33,86,9.20,10.50
33,87,9.20,10.50
33,88,9.20,10.50
33,89,9.20,10.50
33,90,19.50,21.50
33,91,13.20,15.50
33,92,15.80,16.00
33,93,15.80,16.00
34,1,9.20,10.50
34,2,9.20,10.50
34,3,15.80,16.00
34,4,15.80,16.00
34,5,15.80,16.00
34,6,15.80,16.00
34,7,15.80,16.00
34,8,15.80,16.00
34,9,15.80,16.00
34,10,15.80,16.00
34,11,13.20,15.50
34,12,13.20,15.50
34,13,13.20,15.50
34,14,10.60,12.50
34,15,10.60,12.50
34,16,15.80,16.00
34,17,15.80,16.00
34,18,15.80,16.00
34,19,15.80,16.00
34,20,15.80,16.00
34,21,15.80,16.00
34,22,15.80,16.00
34,23,15.80,16.00
34,24,15.80,16.00
34,25,15.80,16.00
34,26,9.20,10.50
34,27,9.20,10.50
34,28,7.40,7.50
34,29,7.40,7.50
34,30,5.90,6.00
34,31,5.90,6.00
34,32,4.90,5.00
34,33,4.90,5.00
34,34,0.00,0.00
34,35,4.90,5.00
34,36,4.90,5.00
34,37,4.90,5.00
34,38,10.60,12.50
34,39,9.20,10.50
34,40,15.80,16.00
34,41,15.80,16.00
34,42,15.80,16.00
34,43,27.90,31.00
34,48,10.60,12.50
34,49,13.20,15.50
34,50,13.20,15.50
34,51,13.20,15.50
34,52,15.80,16.00
34,53,15.80,16.00
34,54,24.30,28.00
34,55,27.90,31.00
34,57,15.80,16.00
34,64,17.00,19.00
34,65,17.00,19.00
34,67,19.50,21.50
34,68,19.50,21.50
34,69,19.90,22.00
34,70,27.90,30.50
34,71,20.90,22.50
34,72,23.00,26.50
34,73,23.00,26.50
34,74,24.50,27.50
34,75,24.50,27.50
34,76,54.40,57.00
34,78,54.40,57.00
34,80,15.80,16.00
34,96,20.40,22.00
34,97,20.40,22.00
34,98,20.40,22.00
34,99,20.40,22.00
34,100,22.90,26.00
34,101,22.90,26.00
34,102,22.90,26.00
34,103,22.90,26.00
34,111,15.80,16.00
34,114,18.70,21.00
34,115,29.30,31.00
34,116,30.20,32.00
34,117,30.20,32.00
34,118,30.20,32.00
34,119,30.20,32.00
34,120,30.20,32.00
34,81,9.20,10.50
34,82,9.20,10.50
34,83,9.20,10.50
34,84,15.80,16.00
34,85,15.80,16.00
34,86,9.20,10.50
34,87,9.20,10.50
34,88,9.20,10.50
34,89,11.00,13.00
34,90,19.50,21.50
34,91,15.80,16.00
34,92,15.80,16.00
34,93,15.80,16.00
35,1,9.20,10.50
35,2,9.20,10.50
35,3,15.80,16.00
35,4,15.80,16.00
35,5,15.80,16.00
35,6,15.80,16.00
35,7,15.80,16.00
35,8,15.80,16.00
35,9,15.80,16.00
35,10,15.80,16.00
35,11,15.80,16.00
35,12,13.20,15.50
35,13,13.20,15.50
35,14,13.20,15.50
35,15,13.20,15.50
35,16,15.80,16.00
35,17,15.80,16.00
35,18,15.80,16.00
35,19,15.80,16.00
35,20,15.80,16.00
35,21,15.80,16.00
35,22,15.80,16.00
35,23,15.80,16.00
35,24,15.80,16.00
35,25,15.80,16.00
35,26,9.20,10.50
35,27,9.20,10.50
35,28,9.20,10.50
35,29,7.40,7.50
35,30,7.40,7.50
35,31,5.90,6.00
35,32,5.90,6.00
35,33,4.90,5.00
35,34,4.90,5.00
35,35,0.00,0.00
35,36,4.90,5.00
35,37,4.90,5.00
35,38,13.20,15.50
35,39,9.20,10.50
35,40,15.80,16.00
35,41,15.80,16.00
35,42,15.80,16.00
35,43,27.90,31.00
35,48,13.20,15.50
35,49,13.20,15.50
35,50,13.20,15.50
35,51,15.80,16.00
35,52,15.80,16.00
35,53,15.80,16.00
35,54,24.30,28.00
35,55,27.90,31.00
35,57,15.80,16.00
35,64,17.00,19.00
35,65,17.00,19.00
35,67,19.50,21.50
35,68,19.50,21.50
35,69,19.90,22.00
35,70,27.90,30.50
35,71,20.90,22.50
35,72,23.00,26.50
35,73,23.00,26.50
35,74,24.50,27.50
35,75,24.50,27.50
35,76,54.40,57.00
35,78,54.40,57.00
35,80,15.80,16.00
35,96,20.40,22.00
35,97,20.40,22.00
35,98,20.40,22.00
35,99,20.40,22.00
35,100,22.90,26.00
35,101,22.90,26.00
35,102,22.90,26.00
35,103,22.90,26.00
35,111,15.80,16.00
35,114,18.70,21.00
35,115,29.30,31.00
35,116,30.20,32.00
35,117,30.20,32.00
35,118,30.20,32.00
35,119,30.20,32.00
35,120,30.20,32.00
35,81,9.20,10.50
35,82,9.20,10.50
35,83,11.00,13.00
35,84,15.80,16.00
35,85,15.80,16.00
35,86,9.20,10.50
35,87,9.20,10.50
35,88,11.00,13.00
35,89,11.00,13.00
35,90,19.50,21.50
35,91,15.80,16.00
35,92,15.80,16.00
35,93,15.80,16.00
36,1,9.20,10.50
36,2,9.20,10.50
36,3,15.80,16.00
36,4,15.80,16.00
36,5,15.80,16.00
36,6,15.80,16.00
36,7,15.80,16.00
36,8,15.80,16.00
36,9,15.80,16.00
36,10,15.80,16.00
36,11,15.80,16.00
36,12,15.80,16.00
36,13,13.20,15.50
36,14,13.20,15.50
36,15,13.20,15.50
36,16,15.80,16.00
36,17,15.80,16.00
36,18,15.80,16.00
36,19,15.80,16.00
36,20,15.80,16.00
36,21,15.80,16.00
36,22,15.80,16.00
36,23,15.80,16.00
36,24,15.80,16.00
36,25,15.80,16.00
36,26,9.20,10.50
36,27,9.20,10.50
36,28,9.20,10.50
36,29,9.20,10.50
36,30,7.40,7.50
36,31,7.40,7.50
36,32,5.90,6.00
36,33,5.90,6.00
36,34,4.90,5.00
36,35,4.90,5.00
36,36,0.00,0.00
36,37,4.90,5.00
36,38,13.20,15.50
36,39,9.20,10.50
36,40,15.80,16.00
36,41,15.80,16.00
36,42,15.80,16.00
36,43,27.90,31.00
36,48,13.20,15.50
36,49,13.20,15.50
36,50,15.80,16.00
36,51,15.80,16.00
36,52,15.80,16.00
36,53,15.80,16.00
36,54,24.30,28.00
36,55,27.90,31.00
36,57,15.80,16.00
36,64,17.00,19.00
36,65,17.00,19.00
36,67,19.50,21.50
36,68,19.50,21.50
36,69,19.90,22.00
36,70,27.90,30.50
36,71,20.90,22.50
36,72,23.00,26.50
36,73,23.00,26.50
36,74,24.50,27.50
36,75,24.50,27.50
36,76,54.40,57.00
36,78,54.40,57.00
36,80,15.80,16.00
36,96,20.40,22.00
36,97,20.40,22.00
36,98,20.40,22.00
36,99,20.40,22.00
36,100,22.90,26.00
36,101,22.90,26.00
36,102,22.90,26.00
36,103,22.90,26.00
36,111,15.80,16.00
36,114,18.70,21.00
36,115,29.30,31.00
36,116,30.20,32.00
36,117,30.20,32.00
36,118,30.20,32.00
36,119,30.20,32.00
36,120,30.20,32.00
36,81,9.20,10.50
36,82,11.00,13.00
36,83,11.00,13.00
36,84,15.80,16.00
36,85,15.80,16.00
36,86,9.20,10.50
36,87,11.00,13.00
36,88,11.00,13.00
36,89,11.00,13.00
36,90,19.50,21.50
36,91,15.80,16.00
36,92,15.80,16.00
36,93,15.80,16.00
37,1,9.20,10.50
37,2,9.20,10.50
37,3,15.80,16.00
37,4,15.80,16.00
37,5,15.80,16.00
37,6,15.80,16.00
37,7,15.80,16.00
37,8,15.80,16.00
37,9,15.80,16.00
37,10,15.80,16.00
37,11,15.80,16.00
37,12,15.80,16.00
37,13,15.80,16.00
37,14,13.20,15.50
37,15,13.20,15.50
37,16,15.80,16.00
37,17,15.80,16.00
37,18,15.80,16.00
37,19,15.80,16.00
37,20,15.80,16.00
37,21,15.80,16.00
37,22,15.80,16.00
37,23,15.80,16.00
37,24,15.80,16.00
37,25,15.80,16.00
37,26,9.20,10.50
37,27,9.20,10.50
37,28,9.20,10.50
37,29,9.20,10.50
37,30,7.40,7.50
37,31,7.40,7.50
37,32,7.40,7.50
37,33,5.90,6.00
37,34,4.90,5.00
37,35,4.90,5.00
37,36,4.90,5.00
37,37,0.00,0.00
37,38,13.20,15.50
37,39,9.20,10.50
37,40,15.80,16.00
37,41,15.80,16.00
37,42,15.80,16.00
37,43,27.90,31.00
37,48,13.20,15.50
37,49,15.80,16.00
37,50,15.80,16.00
37,51,15.80,16.00
37,52,15.80,16.00
37,53,15.80,16.00
37,54,24.30,28.00
37,55,27.90,31.00
37,57,15.80,16.00
37,64,17.00,19.00
37,65,17.00,19.00
37,67,19.50,21.50
37,68,19.50,21.50
37,69,19.90,22.00
37,70,27.90,30.50
37,71,20.90,22.50
37,72,23.00,26.50
37,73,23.00,26.50
37,74,24.50,27.50
37,75,24.50,27.50
37,76,54.40,57.00
37,78,54.40,57.00
37,80,15.80,16.00
37,96,20.40,22.00
37,97,20.40,22.00
37,98,20.40,22.00
37,99,20.40,22.00
37,100,22.90,26.00
37,101,22.90,26.00
37,102,22.90,26.00
37,103,22.90,26.00
37,111,15.80,16.00
37,114,18.70,21.00
37,115,29.30,31.00
37,116,30.20,32.00
37,117,30.20,32.00
37,118,30.20,32.00
37,119,30.20,32.00
37,120,30.20,32.00
37,81,11.00,13.00
37,82,11.00,13.00
37,83,11.00,13.00
37,84,15.80,16.00
37,85,15.80,16.00
37,86,11.00,13.00
37,87,11.00,13.00
37,88,11.00,13.00
37,89,11.00,13.00
37,90,19.50,21.50
37,91,15.80,16.00
37,92,15.80,16.00
37,93,15.80,16.00
38,1,15.80,16.00
38,2,15.80,16.00
38,3,9.20,10.50
38,4,9.20,10.50
38,5,9.20,10.50
38,6,9.20,10.50
38,7,9.20,10.50
38,8,9.20,10.50
38,9,7.40,7.50
38,10,7.40,7.50
38,11,7.40,7.50
38,12,5.90,6.00
38,13,4.90,5.00
38,14,4.90,5.00
38,15,4.90,5.00
38,16,9.20,10.50
38,17,9.20,10.50
38,18,9.20,10.50
38,19,9.20,10.50
38,20,11.00,13.00
38,21,11.00,13.00
38,22,11.00,13.00
38,23,11.00,13.00
38,24,11.00,13.00
38,25,11.00,13.00
38,26,15.80,16.00
38,27,13.20,15.50
38,28,13.20,15.50
38,29,13.20,15.50
38,30,10.60,12.50
38,31,10.60,12.50
38,32,10.60,12.50
38,33,10.60,12.50
38,34,10.60,12.50
38,35,13.20,15.50
38,36,13.20,15.50
38,37,13.20,15.50
38,38,0.00,0.00
38,39,15.80,16.00
38,40,9.20,10.50
38,41,9.20,10.50
38,42,11.00,13.00
38,43,22.20,25.50
38,48,4.90,5.00
38,49,4.90,5.00
38,50,5.90,6.00
38,51,5.90,6.00
38,52,7.40,7.50
38,53,9.20,10.50
38,54,18.70,21.00
38,55,24.30,28.00
38,57,7.40,7.50
38,64,10.00,12.50
38,65,10.00,12.50
38,67,12.30,14.00
38,68,12.30,14.00
38,69,12.60,15.50
38,70,21.80,25.50
38,71,13.30,15.50
38,72,15.00,17.00
38,73,15.00,17.00
38,74,17.40,19.50
38,75,17.40,19.50
38,76,48.20,52.00
38,78,48.20,52.00
38,80,9.20,10.50
38,96,12.30,15.00
38,97,12.30,15.00
38,98,12.30,15.00
38,99,12.30,15.00
38,100,15.90,17.00
38,101,15.90,17.00
38,102,15.90,17.00
38,103,15.90,17.00
38,111,9.20,10.50
38,114,12.80,15.50
38,115,23.40,26.00
38,116,24.90,27.50
38,117,24.90,27.50
38,118,24.90,27.50
38,119,24.90,27.50
38,120,24.90,27.50
38,81,15.80,16.00
38,82,15.80,16.00
38,83,15.80,16.00
38,84,9.20,10.50
38,85,9.20,10.50
38,86,15.80,16.00
38,87,15.80,16.00
38,88,15.80,16.00
38,89,15.80,16.00
38,90,12.30,14.00
38,91,7.40,7.50
38,92,7.40,7.50
38,93,9.20,10.50
39,1,0.00,0.00
39,2,4.90,5.00
39,3,10.60,12.50
39,4,10.60,12.50
39,5,13.20,15.50
39,6,13.20,15.50
39,7,13.20,15.50
39,8,13.20,15.50
39,9,15.80,16.00
39,10,15.80,16.00
39,11,15.80,16.00
39,12,15.80,16.00
39,13,15.80,16.00
39,14,15.80,16.00
39,15,15.80,16.00
39,16,13.20,15.50
39,17,13.20,15.50
39,18,13.20,15.50
39,19,15.80,16.00
39,20,15.80,16.00
39,21,15.80,16.00
39,22,15.80,16.00
39,23,15.80,16.00
39,24,15.80,16.00
39,25,15.80,16.00
39,26,4.90,5.00
39,27,4.90,5.00
39,28,5.90,6.00
39,29,5.90,6.00
39,30,5.90,6.00
39,31,7.40,7.50
39,32,7.40,7.50
39,33,7.40,7.50
39,34,9.20,10.50
39,35,9.20,10.50
39,36,9.20,10.50
39,37,9.20,10.50
39,38,15.80,16.00
39,39,0.00,0.00
39,40,10.60,12.50
39,41,13.20,15.50
39,42,15.80,16.00
39,43,24.30,28.00
39,48,15.80,16.00
39,49,15.80,16.00
39,50,15.80,16.00
39,51,15.80,16.00
39,52,15.80,16.00
39,53,13.20,15.50
39,54,22.20,25.50
39,55,27.90,31.00
39,57,15.80,16.00
39,64,12.60,15.00
39,65,12.90,15.50
39,67,17.10,19.00
39,68,17.10,19.00
39,69,17.60,19.50
39,70,25.70,28.50
39,71,18.40,20.00
39,72,19.90,22.00
39,73,19.90,22.00
39,74,22.20,25.50
39,75,22.20,25.50
39,76,52.20,55.50
39,78,52.20,55.50
39,80,10.60,12.50
39,96,17.20,19.00
39,97,17.20,19.00
39,98,17.20,19.00
39,99,17.20,19.00
39,100,20.80,22.00
39,101,20.80,22.00
39,102,20.80,22.00
39,103,20.80,22.00
39,111,10.60,12.50
39,114,17.80,19.50
39,115,28.00,30.00
39,116,29.30,31.00
39,117,29.30,31.00
39,118,29.30,31.00
39,119,29.30,31.00
39,120,29.30,31.00
39,81,4.90,5.00
39,82,5.90,6.00
39,83,5.90,6.00
39,84,13.20,15.50
39,85,13.20,15.50
39,86,5.90,6.00
39,87,7.40,7.50
39,88,7.40,7.50
39,89,7.40,7.50
39,90,17.10,19.00
39,91,13.20,15.50
39,92,13.20,15.50
39,93,13.20,15.50
40,1,10.60,12.50
40,2,10.60,12.50
40,3,4.90,5.00
40,4,4.90,5.00
40,5,4.90,5.00
40,6,4.90,5.00
40,7,5.90,6.00
40,8,7.40,7.50
40,9,7.40,7.50
40,10,9.20,10.50
40,11,9.20,10.50
40,12,9.20,10.50
40,13,9.20,10.50
40,14,9.20,10.50
40,15,9.20,10.50
40,16,5.90,6.00
40,17,5.90,6.00
40,18,7.40,7.50
40,19,7.40,7.50
40,20,9.20,10.50
40,21,9.20,10.50
40,22,11.00,13.00
40,23,11.00,13.00
40,24,11.00,13.00
40,25,11.00,13.00
40,26,10.60,12.50
40,27,10.60,12.50
40,28,13.20,15.50
40,29,13.20,15.50
40,30,13.20,15.50
40,31,13.20,15.50
40,32,13.20,15.50
40,33,15.80,16.00
40,34,15.80,16.00
40,35,15.80,16.00
40,36,15.80,16.00
40,37,15.80,16.00
40,38,9.20,10.50
40,39,10.60,12.50
40,40,0.00,0.00
40,41,4.90,5.00
40,42,11.00,13.00
40,43,18.70,21.00
40,48,9.20,10.50
40,49,11.00,13.00
40,50,11.00,13.00
40,51,11.00,13.00
40,52,11.00,13.00
40,53,5.90,6.00
40,54,15.90,17.00
40,55,22.20,25.50
40,57,11.00,13.00
40,64,6.90,7.00
40,65,7.70,8.00
40,67,11.00,13.00
40,68,11.00,13.00
40,69,11.70,13.50
40,70,19.50,21.50
40,71,12.40,14.00
40,72,13.40,15.50
40,73,13.40,15.50
40,74,15.00,16.00
40,75,15.00,16.00
40,76,46.60,49.50
40,78,46.60,49.50
40,80,4.90,5.00
40,96,11.10,13.00
40,97,11.10,13.00
40,98,11.10,13.00
40,99,11.10,13.00
40,100,13.80,15.50
40,101,13.80,15.50
40,102,13.80,15.50
40,103,13.80,15.50
40,111,4.90,5.00
40,114,10.40,12.50
40,115,21.00,21.50
40,116,22.10,23.00
40,117,22.10,23.00
40,118,22.10,23.00
40,119,22.10,23.00
40,120,22.10,23.00
40,81,13.20,15.50
40,82,13.20,15.50
40,83,13.20,15.50
40,84,6.20,6.50
40,85,6.20,6.50
40,86,13.20,15.50
40,87,13.20,15.50
40,88,13.20,15.50
40,89,15.80,16.00
40,90,11.00,13.00
40,91,6.20,6.50
40,92,6.20,6.50
40,93,6.20,6.50
41,1,13.20,15.50
41,2,13.20,15.50
41,3,5.90,6.00
41,4,4.90,5.00
41,5,4.90,5.00
41,6,4.90,5.00
41,7,4.90,5.00
41,8,5.90,6.00
41,9,5.90,6.00
41,10,7.40,7.50
41,11,7.70,8.00
41,12,9.20,10.50
41,13,9.20,10.50
41,14,9.20,10.50
41,15,9.20,10.50
41,16,4.90,5.00
41,17,4.90,5.00
41,18,5.90,6.00
41,19,5.90,6.00
41,20,7.40,7.50
41,21,7.40,7.50
41,22,9.20,10.50
41,23,9.20,10.50
41,24,9.20,10.50
41,25,9.20,10.50
41,26,13.20,15.50
41,27,13.20,15.50
41,28,13.20,15.50
41,29,13.20,15.50
41,30,13.20,15.50
41,31,13.20,15.50
41,32,15.80,16.00
41,33,15.80,16.00
41,34,15.80,16.00
41,35,15.80,16.00
41,36,15.80,16.00
41,37,15.80,16.00
41,38,9.20,10.50
41,39,13.20,15.50
41,40,4.90,5.00
41,41,0.00,0.00
41,42,9.20,10.50
41,43,18.70,21.00
41,48,9.20,10.50
41,49,11.00,13.00
41,50,11.00,13.00
41,51,11.00,13.00
41,52,11.00,13.00
41,53,4.90,5.00
41,54,15.90,17.00
41,55,22.20,25.50
41,57,11.00,13.00
41,64,7.10,7.50
41,65,7.10,7.50
41,67,9.60,12.00
41,68,9.60,12.00
41,69,10.10,12.50
41,70,18.30,20.00
41,71,10.80,13.50
41,72,12.80,14.50
41,73,12.80,14.50
41,74,13.60,15.50
41,75,13.60,15.50
41,76,45.40,48.00
41,78,45.40,48.00
41,80,5.90,6.00
41,96,9.80,12.00
41,97,9.80,12.00
41,98,9.80,12.00
41,99,9.80,12.00
41,100,12.00,14.00
41,101,12.00,14.00
41,102,12.00,14.00
41,103,12.00,14.00
41,111,4.90,5.00
41,114,9.20,10.50
41,115,18.90,19.50
41,116,20.80,21.50
41,117,20.80,21.50
41,118,20.80,21.50
41,119,20.80,21.50
41,120,20.80,21.50
41,81,13.20,15.50
41,82,13.20,15.50
41,83,13.20,15.50
41,84,6.20,6.50
41,85,6.20,6.50
41,86,13.20,15.50
41,87,13.20,15.50
41,88,15.80,16.00
41,89,15.80,16.00
41,90,11.00,13.00
41,91,6.20,6.50
41,92,6.20,6.50
41,93,6.20,6.50
42,1,15.80,16.00
42,2,15.80,16.00
42,3,11.00,13.00
42,4,11.00,13.00
42,5,11.00,13.00
42,6,9.20,10.50
42,7,9.20,10.50
42,8,9.20,10.50
42,9,9.20,10.50
42,10,11.00,13.00
42,11,11.00,13.00
42,12,11.00,13.00
42,13,11.00,13.00
42,14,11.00,13.00
42,15,11.00,13.00
42,16,9.20,10.50
42,17,7.40,7.50
42,18,7.40,7.50
42,19,5.90,6.00
42,20,5.90,6.00
42,21,4.90,5.00
42,22,4.90,5.00
42,23,4.90,5.00
42,24,4.90,5.00
42,25,4.90,5.00
42,26,15.80,16.00
42,27,15.80,16.00
42,28,15.80,16.00
42,29,15.80,16.00
42,30,15.80,16.00
42,31,15.80,16.00
42,32,15.80,16.00
42,33,15.80,16.00
42,34,15.80,16.00
42,35,15.80,16.00
42,36,15.80,16.00
42,37,15.80,16.00
42,38,11.00,13.00
42,39,15.80,16.00
42,40,11.00,13.00
42,41,9.20,10.50
42,42,0.00,0.00
42,43,15.90,17.00
42,48,11.00,13.00
42,49,11.00,13.00
42,50,13.20,15.50
42,51,13.20,15.50
42,52,13.20,15.50
42,53,7.40,7.50
42,54,13.20,15.50
42,55,15.90,17.00
42,57,13.20,15.50
42,64,10.00,12.50
42,65,10.00,12.50
42,67,12.30,14.00
42,68,12.30,14.00
42,69,12.60,15.50
42,70,21.80,25.50
42,71,13.30,15.50
42,72,15.00,17.00
42,73,15.00,17.00
42,74,17.40,19.50
42,75,17.40,19.50
42,76,48.20,52.00
42,78,48.20,52.00
42,80,11.00,13.00
42,96,12.30,15.00
42,97,12.30,15.00
42,98,12.30,15.00
42,99,12.30,15.00
42,100,15.90,17.00
42,101,15.90,17.00
42,102,15.90,17.00
42,103,15.90,17.00
42,111,11.00,13.00
42,114,5.90,6.00
42,115,18.70,19.50
42,116,20.70,21.50
42,117,20.70,21.50
42,118,20.70,21.50
42,119,20.70,21.50
42,120,20.70,21.50
42,81,15.80,16.00
42,82,15.80,16.00
42,83,15.80,16.00
42,84,11.00,13.00
42,85,11.00,13.00
42,86,15.80,16.00
42,87,15.80,16.00
42,88,15.80,16.00
42,89,15.80,16.00
42,90,12.30,14.00
42,91,11.00,13.00
42,92,11.00,13.00
42,93,11.00,13.00
43,1,24.30,28.00
43,2,24.30,28.00
43,3,18.70,21.00
43,4,18.70,21.00
43,5,18.70,21.00
43,6,18.70,21.00
43,7,18.70,21.00
43,8,18.70,21.00
43,9,18.70,21.00
43,10,18.70,21.00
43,11,18.70,21.00
43,12,22.20,25.50
43,13,22.20,25.50
43,14,22.20,25.50
43,15,22.20,25.50
43,16,18.70,21.00
43,17,15.90,17.00
43,18,15.90,17.00
43,19,15.90,17.00
43,20,15.90,17.00
43,21,15.90,17.00
43,22,15.90,17.00
43,23,15.90,17.00
43,24,15.90,17.00
43,25,15.90,17.00
43,26,24.30,28.00
43,27,24.30,28.00
43,28,24.30,28.00
43,29,24.30,28.00
43,30,27.90,31.00
43,31,27.90,31.00
43,32,27.90,31.00
43,33,27.90,31.00
43,34,27.90,31.00
43,35,27.90,31.00
43,36,27.90,31.00
43,37,27.90,31.00
43,38,22.20,25.50
43,39,24.30,28.00
43,40,18.70,21.00
43,41,18.70,21.00
43,42,15.90,17.00
43,43,0.00,0.00
43,48,24.30,28.00
43,49,24.30,28.00
43,50,24.30,28.00
43,51,24.30,28.00
43,52,24.30,28.00
43,53,15.90,17.00
43,54,11.00,13.00
43,55,15.90,17.00
43,57,24.30,28.00
43,64,22.10,26.00
43,65,22.10,26.00
43,67,24.30,27.50
43,68,24.30,27.50
43,69,24.80,28.00
43,70,31.40,35.00
43,71,25.40,28.50
43,72,27.20,30.00
43,73,27.20,30.00
43,74,28.30,31.00
43,75,28.30,31.00
43,76,57.50,62.50
43,78,57.50,62.50
43,80,18.70,21.00
43,96,25.00,28.50
43,97,25.00,28.50
43,98,25.00,28.50
43,99,25.00,28.50
43,100,27.80,30.50
43,101,27.80,30.50
43,102,27.80,30.50
43,103,27.80,30.50
43,111,18.70,21.00
43,114,20.40,22.50
43,115,30.10,32.00
43,116,31.00,32.50
43,117,31.00,32.50
43,118,31.00,32.50
43,119,31.00,32.50
43,120,31.00,32.50
43,81,24.30,28.00
43,82,24.30,28.00
43,83,27.90,31.00
43,84,18.70,21.00
43,85,18.70,21.00
43,86,27.90,31.00
43,87,27.90,31.00
43,88,27.90,31.00
43,89,27.90,31.00
43,90,24.30,27.50
43,91,18.70,21.00
43,92,18.70,21.00
43,93,18.70,21.00
48,1,15.80,16.00
48,2,15.80,16.00
48,3,9.20,10.50
48,4,9.20,10.50
48,5,9.20,10.50
48,6,9.20,10.50
48,7,9.20,10.50
48,8,9.20,10.50
48,9,9.20,10.50
48,10,9.20,10.50
48,11,7.40,7.50
48,12,7.40,7.50
48,13,5.90,6.00
48,14,5.90,6.00
48,15,4.90,5.00
48,16,9.20,10.50
48,17,11.00,13.00
48,18,11.00,13.00
48,19,11.00,13.00
48,20,11.00,13.00
48,21,11.00,13.00
48,22,11.00,13.00
48,23,11.00,13.00
48,24,11.00,13.00
48,25,13.20,15.50
48,26,15.80,16.00
48,27,13.20,15.50
48,28,13.20,15.50
48,29,13.20,15.50
48,30,10.60,12.50
48,31,10.60,12.50
48,32,10.60,12.50
48,33,10.60,12.50
48,34,10.60,12.50
48,35,13.20,15.50
48,36,13.20,15.50
48,37,13.20,15.50
48,38,4.90,5.00
48,39,15.80,16.00
48,40,9.20,10.50
48,41,9.20,10.50
48,42,11.00,13.00
48,43,24.30,28.00
48,48,0.00,0.00
48,49,4.90,5.00
48,50,4.90,5.00
48,51,5.90,6.00
48,52,5.90,6.00
48,53,11.00,13.00
48,54,22.20,25.50
48,55,27.90,31.00
48,57,5.90,6.00
48,64,10.00,12.50
48,65,10.00,12.50
48,67,12.30,14.00
48,68,12.30,14.00
48,69,12.60,15.50
48,70,21.80,25.50
48,71,13.30,15.50
48,72,15.00,17.00
48,73,15.00,17.00
48,74,17.40,19.50
48,75,17.40,19.50
48,76,48.20,52.00
48,78,48.20,52.00
48,80,9.20,10.50
48,96,12.30,15.00
48,97,12.30,15.00
48,98,12.30,15.00
48,99,12.30,15.00
48,100,15.90,17.00
48,101,15.90,17.00
48,102,15.90,17.00
48,103,15.90,17.00
48,111,9.20,10.50
48,114,13.00,15.50
48,115,23.90,26.50
48,116,25.50,28.00
48,117,25.50,28.00
48,118,25.50,28.00
48,119,25.50,28.00
48,120,25.50,28.00
48,81,15.80,16.00
48,82,15.80,16.00
48,83,15.80,16.00
48,84,9.20,10.50
48,85,9.20,10.50
48,86,15.80,16.00
48,87,15.80,16.00
48,88,15.80,16.00
48,89,15.80,16.00
48,90,12.30,14.00
48,91,9.20,10.50
48,92,9.20,10.50
48,93,9.20,10.50
49,1,15.80,16.00
49,2,15.80,16.00
49,3,11.00,13.00
49,4,11.00,13.00
49,5,11.00,13.00
49,6,11.00,13.00
49,7,11.00,13.00
49,8,9.20,10.50
49,9,9.20,10.50
49,10,9.20,10.50
49,11,9.20,10.50
49,12,7.40,7.50
49,13,7.40,7.50
49,14,5.90,6.00
49,15,5.90,6.00
49,16,11.00,13.00
49,17,11.00,13.00
49,18,11.00,13.00
49,19,11.00,13.00
49,20,11.00,13.00
49,21,11.00,13.00
49,22,11.00,13.00
49,23,11.00,13.00
49,24,13.20,15.50
49,25,13.20,15.50
49,26,15.80,16.00
49,27,15.80,16.00
49,28,13.20,15.50
49,29,13.20,15.50
49,30,13.20,15.50
49,31,13.20,15.50
49,32,13.20,15.50
49,33,13.20,15.50
49,34,13.20,15.50
49,35,13.20,15.50
49,36,13.20,15.50
49,37,15.80,16.00
49,38,4.90,5.00
49,39,15.80,16.00
49,40,11.00,13.00
49,41,11.00,13.00
49,42,11.00,13.00
49,43,24.30,28.00
49,48,4.90,5.00
49,49,0.00,0.00
49,50,4.90,5.00
49,51,4.90,5.00
49,52,5.90,6.00
49,53,11.00,13.00
49,54,22.20,25.50
49,55,27.90,31.00
49,57,5.90,6.00
49,64,10.00,12.50
49,65,10.00,12.50
49,67,12.30,14.00
49,68,12.30,14.00
49,69,12.60,15.50
49,70,21.80,25.50
49,71,13.30,15.50
49,72,15.00,17.00
49,73,15.00,17.00
49,74,17.40,19.50
49,75,17.40,19.50
49,76,48.20,52.00
49,78,48.20,52.00
49,80,11.00,13.00
49,96,12.30,15.00
49,97,12.30,15.00
49,98,12.30,15.00
49,99,12.30,15.00
49,100,15.90,17.00
49,101,15.90,17.00
49,102,15.90,17.00
49,103,15.90,17.00
49,111,11.00,13.00
49,114,13.00,15.50
49,115,23.90,26.50
49,116,25.50,28.00
49,117,25.50,28.00
49,118,25.50,28.00
49,119,25.50,28.00
49,120,25.50,28.00
49,81,15.80,16.00
49,82,15.80,16.00
49,83,15.80,16.00
49,84,11.00,13.00
49,85,11.00,13.00
49,86,15.80,16.00
49,87,15.80,16.00
49,88,15.80,16.00
49,89,15.80,16.00
49,90,12.30,14.00
49,91,9.20,10.50
49,92,9.20,10.50
49,93,9.20,10.50
50,1,15.80,16.00
50,2,15.80,16.00
50,3,11.00,13.00
50,4,11.00,13.00
50,5,11.00,13.00
50,6,11.00,13.00
50,7,11.00,13.00
50,8,11.00,13.00
50,9,9.20,10.50
50,10,9.20,10.50
50,11,9.20,10.50
50,12,9.20,10.50
50,13,7.40,7.50
50,14,7.40,7.50
50,15,5.90,6.00
50,16,11.00,13.00
50,17,11.00,13.00
50,18,11.00,13.00
50,19,11.00,13.00
50,20,11.00,13.00
50,21,11.00,13.00
50,22,11.00,13.00
50,23,13.20,15.50
50,24,13.20,15.50
50,25,13.20,15.50
50,26,15.80,16.00
50,27,15.80,16.00
50,28,15.80,16.00
50,29,13.20,15.50
50,30,13.20,15.50
50,31,13.20,15.50
50,32,13.20,15.50
50,33,13.20,15.50
50,34,13.20,15.50
50,35,13.20,15.50
50,36,15.80,16.00
50,37,15.80,16.00
50,38,5.90,6.00
50,39,15.80,16.00
50,40,11.00,13.00
50,41,11.00,13.00
50,42,13.20,15.50
50,43,24.30,28.00
50,48,4.90,5.00
50,49,4.90,5.00
50,50,0.00,0.00
50,51,4.90,5.00
50,52,4.90,5.00
50,53,11.00,13.00
50,54,22.20,25.50
50,55,27.90,31.00
50,57,4.90,5.00
50,64,12.10,14.00
50,65,12.10,14.00
50,67,13.80,16.00
50,68,13.80,16.00
50,69,14.30,16.50
50,70,23.60,27.00
50,71,15.20,17.00
50,72,17.60,19.50
50,73,17.60,19.50
50,74,19.30,21.50
50,75,19.30,21.50
50,76,50.10,53.00
50,78,50.10,53.00
50,80,11.00,13.00
50,96,13.90,16.00
50,97,13.90,16.00
50,98,13.90,16.00
50,99,13.90,16.00
50,100,17.50,19.00
50,101,17.50,19.00
50,102,17.50,19.00
50,103,17.50,19.00
50,111,11.00,13.00
50,114,13.00,15.50
50,115,23.90,26.50
50,116,25.50,28.00
50,117,25.50,28.00
50,118,25.50,28.00
50,119,25.50,28.00
50,120,25.50,28.00
50,81,15.80,16.00
50,82,15.80,16.00
50,83,15.80,16.00
50,84,11.00,13.00
50,85,11.00,13.00
50,86,15.80,16.00
50,87,15.80,16.00
50,88,15.80,16.00
50,89,15.80,16.00
50,90,13.80,16.00
50,91,9.20,10.50
50,92,9.20,10.50
50,93,11.00,13.00
51,1,15.80,16.00
51,2,15.80,16.00
51,3,11.00,13.00
51,4,11.00,13.00
51,5,11.00,13.00
51,6,11.00,13.00
51,7,11.00,13.00
51,8,11.00,13.00
51,9,11.00,13.00
51,10,9.20,10.50
51,11,9.20,10.50
51,12,9.20,10.50
51,13,9.20,10.50
51,14,7.40,7.50
51,15,7.40,7.50
51,16,11.00,13.00
51,17,11.00,13.00
51,18,11.00,13.00
51,19,11.00,13.00
51,20,11.00,13.00
51,21,11.00,13.00
51,22,13.20,15.50
51,23,13.20,15.50
51,24,13.20,15.50
51,25,13.20,15.50
51,26,15.80,16.00
51,27,15.80,16.00
51,28,15.80,16.00
51,29,15.80,16.00
51,30,13.20,15.50
51,31,13.20,15.50
51,32,13.20,15.50
51,33,13.20,15.50
51,34,13.20,15.50
51,35,15.80,16.00
51,36,15.80,16.00
51,37,15.80,16.00
51,38,5.90,6.00
51,39,15.80,16.00
51,40,11.00,13.00
51,41,11.00,13.00
51,42,13.20,15.50
51,43,24.30,28.00
51,48,5.90,6.00
51,49,4.90,5.00
51,50,4.90,5.00
51,51,0.00,0.00
51,52,4.90,5.00
51,53,11.00,13.00
51,54,22.20,25.50
51,55,27.90,31.00
51,57,4.90,5.00
51,64,12.10,14.00
51,65,12.10,14.00
51,67,13.80,16.00
51,68,13.80,16.00
51,69,14.30,16.50
51,70,23.60,27.00
51,71,15.20,17.00
51,72,17.60,19.50
51,73,17.60,19.50
51,74,19.30,21.50
51,75,19.30,21.50
51,76,50.10,53.00
51,78,50.10,53.00
51,80,11.00,13.00
51,96,13.90,16.00
51,97,13.90,16.00
51,98,13.90,16.00
51,99,13.90,16.00
51,100,17.50,19.00
51,101,17.50,19.00
51,102,17.50,19.00
51,103,17.50,19.00
51,111,11.00,13.00
51,114,13.00,15.50
51,115,23.90,26.50
51,116,25.50,28.00
51,117,25.50,28.00
51,118,25.50,28.00
51,119,25.50,28.00
51,120,25.50,28.00
51,81,15.80,16.00
51,82,15.80,16.00
51,83,15.80,16.00
51,84,11.00,13.00
51,85,11.00,13.00
51,86,15.80,16.00
51,87,15.80,16.00
51,88,15.80,16.00
51,89,15.80,16.00
51,90,13.80,16.00
51,91,9.20,10.50
51,92,11.00,13.00
51,93,11.00,13.00
52,1,15.80,16.00
52,2,15.80,16.00
52,3,11.00,13.00
52,4,11.00,13.00
52,5,11.00,13.00
52,6,11.00,13.00
52,7,11.00,13.00
52,8,11.00,13.00
52,9,11.00,13.00
52,10,11.00,13.00
52,11,9.20,10.50
52,12,9.20,10.50
52,13,9.20,10.50
52,14,9.20,10.50
52,15,7.40,7.50
52,16,11.00,13.00
52,17,11.00,13.00
52,18,11.00,13.00
52,19,11.00,13.00
52,20,11.00,13.00
52,21,13.20,15.50
52,22,13.20,15.50
52,23,13.20,15.50
52,24,13.20,15.50
52,25,13.20,15.50
52,26,15.80,16.00
52,27,15.80,16.00
52,28,15.80,16.00
52,29,15.80,16.00
52,30,15.80,16.00
52,31,13.20,15.50
52,32,13.20,15.50
52,33,13.20,15.50
52,34,15.80,16.00
52,35,15.80,16.00
52,36,15.80,16.00
52,37,15.80,16.00
52,38,7.40,7.50
52,39,15.80,16.00
52,40,11.00,13.00
52,41,11.00,13.00
52,42,13.20,15.50
52,43,24.30,28.00
52,48,5.90,6.00
52,49,5.90,6.00
52,50,4.90,5.00
52,51,4.90,5.00
52,52,0.00,0.00
52,53,11.00,13.00
52,54,22.20,25.50
52,55,27.90,31.00
52,57,4.90,5.00
52,64,12.10,14.00
52,65,12.10,14.00
52,67,13.80,16.00
52,68,13.80,16.00
52,69,14.30,16.50
52,70,23.60,27.00
52,71,15.20,17.00
52,72,17.60,19.50
52,73,17.60,19.50
52,74,19.30,21.50
52,75,19.30,21.50
52,76,50.10,53.00
52,78,50.10,53.00
52,80,11.00,13.00
52,96,13.90,16.00
52,97,13.90,16.00
52,98,13.90,16.00
52,99,13.90,16.00
52,100,17.50,19.00
52,101,17.50,19.00
52,102,17.50,19.00
52,103,17.50,19.00
52,111,11.00,13.00
52,114,13.00,15.50
52,115,23.90,26.50
52,116,25.50,28.00
52,117,25.50,28.00
52,118,25.50,28.00
52,119,25.50,28.00
52,120,25.50,28.00
52,81,15.80,16.00
52,82,15.80,16.00
52,83,15.80,16.00
52,84,11.00,13.00
52,85,11.00,13.00
52,86,15.80,16.00
52,87,15.80,16.00
52,88,15.80,16.00
52,89,15.80,16.00
52,90,13.80,16.00
52,91,11.00,13.00
52,92,11.00,13.00
52,93,11.00,13.00
53,1,13.20,15.50
53,2,13.20,15.50
53,3,6.20,6.50
53,4,5.90,6.00
53,5,5.90,6.00
53,6,4.90,5.00
53,7,4.90,5.00
53,8,4.90,5.00
53,9,5.90,6.00
53,10,5.90,6.00
53,11,7.70,8.00
53,12,7.70,8.00
53,13,9.20,10.50
53,14,9.20,10.50
53,15,9.20,10.50
53,16,4.90,5.00
53,17,4.90,5.00
53,18,4.90,5.00
53,19,4.90,5.00
53,20,5.90,6.00
53,21,5.90,6.00
53,22,7.40,7.50
53,23,7.40,7.50
53,24,9.20,10.50
53,25,9.20,10.50
53,26,13.20,15.50
53,27,13.20,15.50
53,28,13.20,15.50
53,29,13.20,15.50
53,30,15.80,16.00
53,31,15.80,16.00
53,32,15.80,16.00
53,33,15.80,16.00
53,34,15.80,16.00
53,35,15.80,16.00
53,36,15.80,16.00
53,37,15.80,16.00
53,38,9.20,10.50
53,39,13.20,15.50
53,40,5.90,6.00
53,41,4.90,5.00
53,42,7.40,7.50
53,43,15.90,17.00
53,48,11.00,13.00
53,49,11.00,13.00
53,50,11.00,13.00
53,51,11.00,13.00
53,52,11.00,13.00
53,53,0.00,0.00
53,54,13.20,15.50
53,55,18.70,21.00
53,57,11.00,13.00
53,64,6.20,6.50
53,65,6.10,6.50
53,67,8.90,10.00
53,68,8.90,10.00
53,69,9.40,10.50
53,70,17.30,19.00
53,71,10.00,12.00
53,72,11.80,13.50
53,73,11.80,13.50
53,74,12.70,15.00
53,75,12.70,15.00
53,76,44.40,47.00
53,78,44.40,47.00
53,80,6.20,6.50
53,96,9.00,10.00
53,97,9.00,10.00
53,98,9.00,10.00
53,99,9.00,10.00
53,100,11.20,13.00
53,101,11.20,13.00
53,102,11.20,13.00
53,103,11.20,13.00
53,111,5.90,6.00
53,114,8.90,10.00
53,115,16.80,17.00
53,116,17.80,18.50
53,117,17.80,18.50
53,118,17.80,18.50
53,119,17.80,18.50
53,120,17.80,18.50
53,81,13.20,15.50
53,82,13.20,15.50
53,83,15.80,16.00
53,84,6.20,6.50
53,85,6.20,6.50
53,86,15.80,16.00
53,87,15.80,16.00
53,88,15.80,16.00
53,89,15.80,16.00
53,90,11.00,13.00
53,91,7.40,7.50
53,92,6.20,6.50
53,93,6.20,6.50
54,1,22.20,25.50
54,2,22.20,25.50
54,3,15.90,17.00
54,4,15.90,17.00
54,5,15.90,17.00
54,6,15.90,17.00
54,7,15.90,17.00
54,8,15.90,17.00
54,9,15.90,17.00
54,10,15.90,17.00
54,11,15.90,17.00
54,12,18.70,21.00
54,13,18.70,21.00
54,14,18.70,21.00
54,15,18.70,21.00
54,16,15.90,17.00
54,17,13.20,15.50
54,18,13.20,15.50
54,19,13.20,15.50
54,20,13.20,15.50
54,21,13.20,15.50
54,22,13.20,15.50
54,23,13.20,15.50
54,24,13.20,15.50
54,25,13.20,15.50
54,26,22.20,25.50
54,27,22.20,25.50
54,28,22.20,25.50
54,29,22.20,25.50
54,30,24.30,28.00
54,31,24.30,28.00
54,32,24.30,28.00
54,33,24.30,28.00
54,34,24.30,28.00
54,35,24.30,28.00
54,36,24.30,28.00
54,37,24.30,28.00
54,38,18.70,21.00
54,39,22.20,25.50
54,40,15.90,17.00
54,41,15.90,17.00
54,42,13.20,15.50
54,43,11.00,13.00
54,48,22.20,25.50
54,49,22.20,25.50
54,50,22.20,25.50
54,51,22.20,25.50
54,52,22.20,25.50
54,53,13.20,15.50
54,54,0.00,0.00
54,55,7.40,7.50
54,57,22.20,25.50
54,64,18.20,20.00
54,65,18.20,20.00
54,67,20.80,22.50
54,68,20.80,22.50
54,69,21.80,25.50
54,70,28.90,31.50
54,71,22.50,26.00
54,72,24.00,27.50
54,73,24.00,27.50
54,74,25.40,28.00
54,75,25.40,28.00
54,76,54.50,58.50
54,78,54.50,58.50
54,80,15.90,17.00
54,96,21.40,24.50
54,97,21.40,24.50
54,98,21.40,24.50
54,99,21.40,24.50
54,100,23.90,27.00
54,101,23.90,27.00
54,102,23.90,27.00
54,103,23.90,27.00
54,111,15.90,17.00
54,114,16.40,18.50
54,115,27.00,29.50
54,116,28.00,30.00
54,117,28.00,30.00
54,118,28.00,30.00
54,119,28.00,30.00
54,120,28.00,30.00
54,81,22.20,25.50
54,82,22.20,25.50
54,83,24.30,28.00
54,84,15.90,17.00
54,85,15.90,17.00
54,86,24.30,28.00
54,87,24.30,28.00
54,88,24.30,28.00
54,89,24.30,28.00
54,90,20.80,22.50
54,91,15.90,17.00
54,92,15.90,17.00
54,93,15.90,17.00
55,1,27.90,31.00
55,2,27.90,31.00
55,3,22.20,25.50
55,4,22.20,25.50
55,5,22.20,25.50
55,6,22.20,25.50
55,7,22.20,25.50
55,8,22.20,25.50
55,9,22.20,25.50
55,10,22.20,25.50
55,11,22.20,25.50
55,12,24.30,28.00
55,13,24.30,28.00
55,14,24.30,28.00
55,15,24.30,28.00
55,16,22.20,25.50
55,17,18.70,21.00
55,18,18.70,21.00
55,19,18.70,21.00
55,20,18.70,21.00
55,21,18.70,21.00
55,22,18.70,21.00
55,23,18.70,21.00
55,24,18.70,21.00
55,25,18.70,21.00
55,26,27.90,31.00
55,27,27.90,31.00
55,28,27.90,31.00
55,29,27.90,31.00
55,30,27.90,31.00
55,31,27.90,31.00
55,32,27.90,31.00
55,33,27.90,31.00
55,34,27.90,31.00
55,35,27.90,31.00
55,36,27.90,31.00
55,37,27.90,31.00
55,38,24.30,28.00
55,39,27.90,31.00
55,40,22.20,25.50
55,41,22.20,25.50
55,42,15.90,17.00
55,43,15.90,17.00
55,48,27.90,31.00
55,49,27.90,31.00
55,50,27.90,31.00
55,51,27.90,31.00
55,52,27.90,31.00
55,53,18.70,21.00
55,54,7.40,7.50
55,55,0.00,0.00
55,57,27.90,31.00
55,64,25.70,28.50
55,65,25.70,28.50
55,67,28.00,30.50
55,68,28.00,30.50
55,69,28.40,31.00
55,70,34.60,37.50
55,71,29.00,31.50
55,72,30.20,32.50
55,73,30.20,32.50
55,74,31.60,34.50
55,75,31.60,34.50
55,76,60.80,66.00
55,78,60.80,66.00
55,80,22.20,25.50
55,96,29.30,31.50
55,97,29.30,31.50
55,98,29.30,31.50
55,99,29.30,31.50
55,100,31.30,33.00
55,101,31.30,33.00
55,102,31.30,33.00
55,103,31.30,33.00
55,111,22.20,25.50
55,114,23.60,27.50
55,115,32.80,35.50
55,116,33.80,36.50
55,117,33.80,36.50
55,118,33.80,36.50
55,119,33.80,36.50
55,120,33.80,36.50
55,81,27.90,31.00
55,82,27.90,31.00
55,83,27.90,31.00
55,84,22.20,25.50
55,85,22.20,25.50
55,86,27.90,31.00
55,87,27.90,31.00
55,88,27.90,31.00
55,89,27.90,31.00
55,90,28.00,30.50
55,91,22.20,25.50
55,92,22.20,25.50
55,93,22.20,25.50
57,1,15.80,16.00
57,2,15.80,16.00
57,3,11.00,13.00
57,4,11.00,13.00
57,5,11.00,13.00
57,6,11.00,13.00
57,7,11.00,13.00
57,8,11.00,13.00
57,9,11.00,13.00
57,10,11.00,13.00
57,11,9.20,10.50
57,12,9.20,10.50
57,13,9.20,10.50
57,14,9.20,10.50
57,15,7.40,7.50
57,16,11.00,13.00
57,17,11.00,13.00
57,18,11.00,13.00
57,19,11.00,13.00
57,20,11.00,13.00
57,21,13.20,15.50
57,22,13.20,15.50
57,23,13.20,15.50
57,24,13.20,15.50
57,25,13.20,15.50
57,26,15.80,16.00
57,27,15.80,16.00
57,28,15.80,16.00
57,29,15.80,16.00
57,30,15.80,16.00
57,31,13.20,15.50
57,32,13.20,15.50
57,33,13.20,15.50
57,34,15.80,16.00
57,35,15.80,16.00
57,36,15.80,16.00
57,37,15.80,16.00
57,38,7.40,7.50
57,39,15.80,16.00
57,40,11.00,13.00
57,41,11.00,13.00
57,42,13.20,15.50
57,43,24.30,28.00
57,48,5.90,6.00
57,49,5.90,6.00
57,50,4.90,5.00
57,51,4.90,5.00
57,52,4.90,5.00
57,53,11.00,13.00
57,54,22.20,25.50
57,55,27.90,31.00
57,57,0.00,0.00
57,64,12.10,14.00
57,65,12.10,14.00
57,67,13.80,16.00
57,68,13.80,16.00
57,69,14.30,16.50
57,70,23.60,27.00
57,71,15.20,17.00
57,72,17.60,19.50
57,73,17.60,19.50
57,74,19.30,21.50
57,75,19.30,21.50
57,76,50.10,53.00
57,78,50.10,53.00
57,80,11.00,13.00
57,96,13.90,16.00
57,97,13.90,16.00
57,98,13.90,16.00
57,99,13.90,16.00
57,100,17.50,19.00
57,101,17.50,19.00
57,102,17.50,19.00
57,103,17.50,19.00
57,111,11.00,13.00
57,114,13.00,15.50
57,115,23.90,26.50
57,116,25.50,28.00
57,117,25.50,28.00
57,118,25.50,28.00
57,119,25.50,28.00
57,120,25.50,28.00
57,81,15.80,16.00
57,82,15.80,16.00
57,83,15.80,16.00
57,84,11.00,13.00
57,85,11.00,13.00
57,86,15.80,16.00
57,87,15.80,16.00
57,88,15.80,16.00
57,89,15.80,16.00
57,90,13.80,16.00
57,91,11.00,13.00
57,92,11.00,13.00
57,93,11.00,13.00
64,1,12.60,15.00
64,2,12.60,15.00
64,3,4.70,5.00
64,4,4.90,5.00
64,5,5.90,6.00
64,6,5.90,6.00
64,7,5.90,6.00
64,8,4.00,4.00
64,9,5.90,6.00
64,10,5.90,6.00
64,11,7.40,7.50
64,12,7.40,7.50
64,13,8.50,10.00
64,14,8.50,10.00
64,15,8.50,10.00
64,16,5.90,6.00
64,17,5.90,6.00
64,18,7.10,7.50
64,19,7.10,7.50
64,20,9.00,10.50
64,21,8.50,10.00
64,22,10.00,12.50
64,23,10.00,12.50
64,24,10.00,12.50
64,25,10.00,12.50
64,26,12.60,15.00
64,27,12.60,15.00
64,28,13.20,15.50
64,29,14.80,16.00
64,30,14.80,16.00
64,31,14.80,17.00
64,32,14.80,17.00
64,33,17.00,19.00
64,34,17.00,19.00
64,35,17.00,19.00
64,36,17.00,19.00
64,37,17.00,19.00
64,38,10.00,12.50
64,39,12.60,15.00
64,40,6.90,7.00
64,41,7.10,7.50
64,42,10.00,12.50
64,43,22.10,26.00
64,48,10.00,12.50
64,49,10.00,12.50
64,50,12.10,14.00
64,51,12.10,14.00
64,52,12.10,14.00
64,53,6.20,6.50
64,54,18.20,20.00
64,55,25.70,28.50
64,57,12.10,14.00
64,64,0.00,0.00
64,65,4.00,4.00
64,67,6.70,7.00
64,68,6.70,7.00
64,69,8.20,8.50
64,70,15.60,16.00
64,71,8.20,8.50
64,72,10.00,12.00
64,73,10.00,12.00
64,74,11.20,13.00
64,75,11.20,13.00
64,76,41.60,45.00
64,78,41.60,45.00
64,80,4.70,5.00
64,96,8.60,9.50
64,97,8.60,9.50
64,98,8.60,9.50
64,99,8.60,9.50
64,100,11.50,13.50
64,101,11.50,13.50
64,102,11.50,13.50
64,103,11.50,13.50
64,111,6.20,6.50
64,114,10.90,13.00
64,115,21.00,21.50
64,116,22.10,24.00
64,117,22.10,24.00
64,118,22.10,24.00
64,119,22.10,24.00
64,120,22.10,24.00
64,81,13.20,15.50
64,82,14.80,16.00
64,83,14.80,16.00
64,84,4.90,5.00
64,85,4.90,5.00
64,86,14.80,16.00
64,87,14.80,17.00
64,88,14.80,17.00
64,89,17.00,19.00
64,90,10.10,12.00
64,91,5.90,6.00
64,92,5.90,6.00
64,93,4.90,5.00
65,1,12.90,15.50
65,2,12.90,15.50
65,3,5.90,6.00
65,4,5.90,6.00
65,5,5.90,6.00
65,6,4.90,5.00
65,7,5.90,6.00
65,8,4.00,4.00
65,9,5.90,6.00
65,10,5.90,6.00
65,11,7.10,7.50
65,12,7.10,7.50
65,13,8.50,10.00
65,14,8.50,10.00
65,15,8.50,10.00
65,16,4.90,5.00
65,17,5.90,6.00
65,18,7.10,7.50
65,19,7.10,7.50
65,20,9.00,10.50
65,21,8.50,10.00
65,22,10.00,12.50
65,23,10.00,12.50
65,24,10.00,12.50
65,25,10.00,12.50
65,26,12.90,15.50
65,27,12.90,15.50
65,28,13.20,15.50
65,29,15.80,16.00
65,30,15.80,16.00
65,31,16.10,17.50
65,32,16.10,17.50
65,33,17.00,19.00
65,34,17.00,19.00
65,35,17.00,19.00
65,36,17.00,19.00
65,37,17.00,19.00
65,38,10.00,12.50
65,39,12.90,15.50
65,40,7.70,8.00
65,41,7.10,7.50
65,42,10.00,12.50
65,43,22.10,26.00
65,48,10.00,12.50
65,49,10.00,12.50
65,50,12.10,14.00
65,51,12.10,14.00
65,52,12.10,14.00
65,53,6.10,6.50
65,54,18.20,20.00
65,55,25.70,28.50
65,57,12.10,14.00
65,64,4.00,4.00
65,65,0.00,0.00
65,67,6.70,7.00
65,68,6.70,7.00
65,69,7.40,7.50
65,70,15.10,16.00
65,71,8.20,8.50
65,72,10.00,12.00
65,73,10.00,12.00
65,74,11.20,13.00
65,75,11.20,13.00
65,76,41.60,45.00
65,78,41.60,45.00
65,80,5.90,6.00
65,96,8.60,9.50
65,97,8.60,9.50
65,98,8.60,9.50
65,99,8.60,9.50
65,100,11.50,13.50
65,101,11.50,13.50
65,102,11.50,13.50
65,103,11.50,13.50
65,111,7.80,8.00
65,114,9.30,10.50
65,115,19.00,19.50
65,116,20.90,21.50
65,117,20.90,21.50
65,118,20.90,21.50
65,119,20.90,21.50
65,120,20.90,21.50
65,81,13.20,15.50
65,82,15.80,16.00
65,83,15.80,16.00
65,84,5.90,6.00
65,85,5.90,6.00
65,86,15.80,16.00
65,87,16.10,17.50
65,88,16.10,17.50
65,89,17.00,19.00
65,90,8.60,10.00
65,91,5.90,6.00
65,92,5.90,6.00
65,93,5.90,6.00
67,1,17.10,19.00
67,2,17.10,19.00
67,3,10.10,12.00
67,4,10.10,12.00
67,5,9.60,12.00
67,6,9.60,12.00
67,7,8.60,10.00
67,8,6.70,7.00
67,9,8.60,10.00
67,10,8.60,10.00
67,11,9.60,12.00
67,12,9.60,12.00
67,13,11.00,13.00
67,14,11.00,13.00
67,15,11.00,13.00
67,16,8.60,10.00
67,17,8.60,10.00
67,18,9.60,12.00
67,19,9.60,12.00
67,20,11.00,13.00
67,21,11.00,13.00
67,22,12.30,14.00
67,23,12.30,14.00
67,24,12.30,14.00
67,25,12.30,14.00
67,26,17.10,19.00
67,27,17.10,19.00
67,28,17.10,19.00
67,29,19.50,21.50
67,30,19.50,21.50
67,31,19.50,21.50
67,32,19.50,21.50
67,33,19.50,21.50
67,34,19.50,21.50
67,35,19.50,21.50
67,36,19.50,21.50
67,37,19.50,21.50
67,38,12.30,14.00
67,39,17.10,19.00
67,40,11.00,13.00
67,41,9.60,12.00
67,42,12.30,14.00
67,43,24.30,27.50
67,48,12.30,14.00
67,49,12.30,14.00
67,50,13.80,16.00
67,51,13.80,16.00
67,52,13.80,16.00
67,53,8.90,10.00
67,54,20.80,22.50
67,55,28.00,30.50
67,57,13.80,16.00
67,64,6.70,7.00
67,65,6.70,7.00
67,67,0.00,0.00
67,68,4.00,4.00
67,69,4.00,4.00
67,70,8.00,8.00
67,71,4.60,5.00
67,72,6.50,6.50
67,73,6.50,6.50
67,74,7.70,8.00
67,75,7.70,8.00
67,76,33.00,35.50
67,78,33.00,35.50
67,80,10.10,12.00
67,96,4.00,4.00
67,97,5.90,6.00
67,98,5.90,6.00
67,99,5.90,6.00
67,100,7.70,8.00
67,101,7.70,8.00
67,102,7.70,8.00
67,103,7.70,8.00
67,111,11.00,13.00
67,114,11.50,13.50
67,115,20.80,22.00
67,116,22.00,23.50
67,117,22.00,23.50
67,118,22.00,23.50
67,119,22.00,23.50
67,120,22.00,23.50
67,81,17.10,19.00
67,82,19.50,21.50
67,83,19.50,21.50
67,84,10.10,12.00
67,85,10.10,12.00
67,86,19.50,21.50
67,87,19.50,21.50
67,88,19.50,21.50
67,89,19.50,21.50
67,90,4.00,4.00
67,91,9.60,12.00
67,92,10.10,12.00
67,93,10.10,12.00
68,1,17.10,19.00
68,2,17.10,19.00
68,3,10.10,12.00
68,4,10.10,12.00
68,5,9.60,12.00
68,6,9.60,12.00
68,7,8.60,10.00
68,8,6.70,7.00
68,9,8.60,10.00
68,10,8.60,10.00
68,11,9.60,12.00
68,12,9.60,12.00
68,13,11.00,13.00
68,14,11.00,13.00
68,15,11.00,13.00
68,16,8.60,10.00
68,17,8.60,10.00
68,18,9.60,12.00
68,19,9.60,12.00
68,20,11.00,13.00
68,21,11.00,13.00
68,22,12.30,14.00
68,23,12.30,14.00
68,24,12.30,14.00
68,25,12.30,14.00
68,26,17.10,19.00
68,27,17.10,19.00
68,28,17.10,19.00
68,29,19.50,21.50
68,30,19.50,21.50
68,31,19.50,21.50
68,32,19.50,21.50
68,33,19.50,21.50
68,34,19.50,21.50
68,35,19.50,21.50
68,36,19.50,21.50
68,37,19.50,21.50
68,38,12.30,14.00
68,39,17.10,19.00
68,40,11.00,13.00
68,41,9.60,12.00
68,42,12.30,14.00
68,43,24.30,27.50
68,48,12.30,14.00
68,49,12.30,14.00
68,50,13.80,16.00
68,51,13.80,16.00
68,52,13.80,16.00
68,53,8.90,10.00
68,54,20.80,22.50
68,55,28.00,30.50
68,57,13.80,16.00
68,64,6.70,7.00
68,65,6.70,7.00
68,67,4.00,4.00
68,68,0.00,0.00
68,69,4.00,4.00
68,70,8.00,8.00
68,71,4.60,5.00
68,72,6.50,6.50
68,73,6.50,6.50
68,74,7.70,8.00
68,75,7.70,8.00
68,76,33.00,35.50
68,78,33.00,35.50
68,80,10.10,12.00
68,96,5.90,6.00
68,97,5.90,6.00
68,98,5.90,6.00
68,99,5.90,6.00
68,100,7.70,8.00
68,101,7.70,8.00
68,102,7.70,8.00
68,103,7.70,8.00
68,111,11.00,13.00
68,114,11.50,13.50
68,115,20.80,22.00
68,116,22.00,23.50
68,117,22.00,23.50
68,118,22.00,23.50
68,119,22.00,23.50
68,120,22.00,23.50
68,81,17.10,19.00
68,82,19.50,21.50
68,83,19.50,21.50
68,84,10.10,12.00
68,85,10.10,12.00
68,86,19.50,21.50
68,87,19.50,21.50
68,88,19.50,21.50
68,89,19.50,21.50
68,90,5.90,6.00
68,91,9.60,12.00
68,92,10.10,12.00
68,93,10.10,12.00
69,1,17.60,19.50
69,2,17.60,19.50
69,3,11.00,13.00
69,4,11.00,13.00
69,5,10.10,12.50
69,6,10.10,12.50
69,7,9.20,10.50
69,8,7.40,7.50
69,9,9.20,10.50
69,10,9.20,10.50
69,11,10.10,12.50
69,12,10.10,12.50
69,13,11.70,13.50
69,14,11.70,13.50
69,15,11.70,13.50
69,16,9.20,10.50
69,17,9.20,10.50
69,18,10.10,12.50
69,19,10.10,12.50
69,20,11.70,13.50
69,21,11.70,13.50
69,22,12.60,15.50
69,23,12.60,15.50
69,24,12.60,15.50
69,25,12.60,15.50
69,26,17.60,19.50
69,27,17.60,19.50
69,28,17.60,19.50
69,29,19.90,22.00
69,30,19.90,22.00
69,31,19.90,22.00
69,32,19.90,22.00
69,33,19.90,22.00
69,34,19.90,22.00
69,35,19.90,22.00
69,36,19.90,22.00
69,37,19.90,22.00
69,38,12.60,15.50
69,39,17.60,19.50
69,40,11.70,13.50
69,41,10.10,12.50
69,42,12.60,15.50
69,43,24.80,28.00
69,48,12.60,15.50
69,49,12.60,15.50
69,50,14.30,16.50
69,51,14.30,16.50
69,52,14.30,16.50
69,53,9.40,10.50
69,54,21.80,25.50
69,55,28.40,31.00
69,57,14.30,16.50
69,64,8.20,8.50
69,65,7.40,7.50
69,67,4.00,4.00
69,68,4.00,4.00
69,69,0.00,0.00
69,70,7.70,8.00
69,71,4.00,4.00
69,72,6.50,6.50
69,73,6.50,6.50
69,74,7.70,8.00
69,75,7.70,8.00
69,76,30.30,32.00
69,78,30.30,32.00
69,80,11.00,13.00
69,96,5.90,6.00
69,97,5.90,6.00
69,98,5.90,6.00
69,99,5.90,6.00
69,100,7.70,8.00
69,101,7.70,8.00
69,102,7.70,8.00
69,103,7.70,8.00
69,111,11.90,13.50
69,114,11.90,13.50
69,115,20.80,22.00
69,116,22.00,23.50
69,117,22.00,23.50
69,118,22.00,23.50
69,119,22.00,23.50
69,120,22.00,23.50
69,81,17.60,19.50
69,82,19.90,22.00
69,83,19.90,22.00
69,84,11.00,13.00
69,85,11.00,13.00
69,86,19.90,22.00
69,87,19.90,22.00
69,88,19.90,22.00
69,89,19.90,22.00
69,90,5.90,6.00
69,91,10.10,12.50
69,92,11.00,13.00
69,93,11.00,13.00
70,1,25.70,28.50
70,2,25.70,28.50
70,3,17.50,18.50
70,4,17.50,21.50
70,5,17.50,20.00
70,6,17.50,20.00
70,7,17.10,19.00
70,8,15.10,16.00
70,9,17.10,19.00
70,10,17.10,19.00
70,11,18.30,20.00
70,12,18.30,20.00
70,13,19.50,21.50
70,14,19.50,21.50
70,15,19.50,21.50
70,16,17.10,19.00
70,17,17.10,19.00
70,18,18.30,20.00
70,19,18.30,20.00
70,20,19.50,21.50
70,21,19.50,21.50
70,22,21.80,25.50
70,23,21.80,25.50
70,24,21.80,25.50
70,25,21.80,25.50
70,26,25.70,28.50
70,27,25.70,28.50
70,28,25.70,28.50
70,29,27.90,30.50
70,30,27.90,30.50
70,31,27.90,30.50
70,32,27.90,30.50
70,33,27.90,30.50
70,34,27.90,30.50
70,35,27.90,30.50
70,36,27.90,30.50
70,37,27.90,30.50
70,38,21.80,25.50
70,39,25.70,28.50
70,40,19.50,21.50
70,41,18.30,20.00
70,42,21.80,25.50
70,43,31.40,35.00
70,48,21.80,25.50
70,49,21.80,25.50
70,50,23.60,27.00
70,51,23.60,27.00
70,52,23.60,27.00
70,53,17.30,19.00
70,54,28.90,31.50
70,55,34.60,37.50
70,57,23.60,27.00
70,64,15.60,16.00
70,65,15.10,16.00
70,67,8.00,8.00
70,68,8.00,8.00
70,69,7.70,8.00
70,70,0.00,0.00
70,71,7.70,8.00
70,72,8.30,10.00
70,73,8.30,10.00
70,74,12.30,14.00
70,75,12.30,14.00
70,76,28.20,30.00
70,78,28.20,30.00
70,80,17.50,18.50
70,96,9.90,12.00
70,97,9.90,12.00
70,98,9.90,12.00
70,99,9.90,12.00
70,100,11.10,13.00
70,101,11.10,13.00
70,102,11.10,13.00
70,103,11.10,13.00
70,111,19.60,21.50
70,114,19.60,21.50
70,115,27.70,30.00
70,116,28.70,31.00
70,117,28.70,31.00
70,118,28.70,31.00
70,119,28.70,31.00
70,120,28.70,31.00
70,81,25.70,28.50
70,82,27.90,30.50
70,83,27.90,30.50
70,84,17.50,21.50
70,85,17.50,21.50
70,86,27.90,30.50
70,87,27.90,30.50
70,88,27.90,30.50
70,89,27.90,30.50
70,90,9.90,12.00
70,91,18.30,20.00
70,92,18.30,20.00
70,93,18.30,20.00
71,1,18.40,20.00
71,2,18.40,20.00
71,3,11.00,13.00
71,4,11.00,13.50
71,5,10.80,13.50
71,6,10.80,13.50
71,7,9.80,12.00
71,8,8.00,8.50
71,9,9.80,12.00
71,10,9.80,12.00
71,11,10.80,13.50
71,12,10.80,13.50
71,13,12.40,14.00
71,14,12.40,14.00
71,15,12.40,14.00
71,16,9.80,12.00
71,17,9.80,12.00
71,18,10.80,13.50
71,19,10.80,13.50
71,20,12.40,14.00
71,21,12.40,14.00
71,22,13.30,15.50
71,23,13.30,15.50
71,24,13.30,15.50
71,25,13.30,15.50
71,26,18.40,20.00
71,27,18.40,20.00
71,28,18.40,20.00
71,29,20.90,22.50
71,30,20.90,22.50
71,31,20.90,22.50
71,32,20.90,22.50
71,33,20.90,22.50
71,34,20.90,22.50
71,35,20.90,22.50
71,36,20.90,22.50
71,37,20.90,22.50
71,38,13.30,15.50
71,39,18.40,20.00
71,40,12.40,14.00
71,41,10.80,13.50
71,42,13.30,15.50
71,43,25.40,28.50
71,48,13.30,15.50
71,49,13.30,15.50
71,50,15.20,17.00
71,51,15.20,17.00
71,52,15.20,17.00
71,53,10.00,12.00
71,54,22.50,26.00
71,55,29.00,31.50
71,57,15.20,17.00
71,64,8.20,8.50
71,65,8.20,8.50
71,67,4.60,5.00
71,68,4.60,5.00
71,69,4.00,4.00
71,70,7.70,8.00
71,71,0.00,0.00
71,72,4.60,5.00
71,73,4.60,5.00
71,74,6.50,6.50
71,75,6.50,6.50
71,76,30.20,31.00
71,78,30.20,31.00
71,80,11.00,13.00
71,96,5.90,6.00
71,97,5.90,6.00
71,98,5.90,6.00
71,99,5.90,6.00
71,100,7.70,8.00
71,101,7.70,8.00
71,102,7.70,8.00
71,103,7.70,8.00
71,111,12.50,14.00
71,114,12.50,14.00
71,115,21.40,22.00
71,116,22.50,24.50
71,117,22.50,24.50
71,118,22.50,24.50
71,119,22.50,24.50
71,120,22.50,24.50
71,81,18.40,20.00
71,82,20.90,22.50
71,83,20.90,22.50
71,84,11.00,13.50
71,85,11.00,13.50
71,86,20.90,22.50
71,87,20.90,22.50
71,88,20.90,22.50
71,89,20.90,22.50
71,90,5.90,6.00
71,91,10.80,13.50
71,92,11.00,13.50
71,93,11.00,13.50
72,1,19.90,22.00
72,2,19.90,22.00
72,3,13.40,15.50
72,4,13.40,15.50
72,5,12.80,14.50
72,6,12.80,14.50
72,7,11.70,13.50
72,8,9.90,12.00
72,9,11.70,13.50
72,10,11.70,13.50
72,11,12.80,14.50
72,12,12.80,14.50
72,13,13.40,15.50
72,14,13.40,15.50
72,15,13.40,15.50
72,16,11.70,13.50
72,17,11.70,13.50
72,18,12.80,14.50
72,19,12.80,14.50
72,20,13.40,15.50
72,21,13.40,15.50
72,22,15.00,17.00
72,23,15.00,17.00
72,24,15.00,17.00
72,25,15.00,17.00
72,26,19.90,22.00
72,27,19.90,22.00
72,28,19.90,22.00
72,29,23.00,26.50
72,30,23.00,26.50
72,31,23.00,26.50
72,32,23.00,26.50
72,33,23.00,26.50
72,34,23.00,26.50
72,35,23.00,26.50
72,36,23.00,26.50
72,37,23.00,26.50
72,38,15.00,17.00
72,39,19.90,22.00
72,40,13.40,15.50
72,41,12.80,14.50
72,42,15.00,17.00
72,43,27.20,30.00
72,48,15.00,17.00
72,49,15.00,17.00
72,50,17.60,19.50
72,51,17.60,19.50
72,52,17.60,19.50
72,53,11.80,13.50
72,54,24.00,27.50
72,55,30.20,32.50
72,57,17.60,19.50
72,64,10.00,12.00
72,65,10.00,12.00
72,67,6.50,6.50
72,68,6.50,6.50
72,69,6.50,6.50
72,70,8.30,10.00
72,71,4.60,5.00
72,72,0.00,0.00
72,73,4.00,4.00
72,74,4.60,5.00
72,75,4.60,5.00
72,76,28.80,30.00
72,78,28.80,30.00
72,80,13.40,15.50
72,96,7.70,8.00
72,97,7.70,8.00
72,98,7.70,8.00
72,99,7.70,8.00
72,100,7.70,8.00
72,101,7.70,8.00
72,102,7.70,8.00
72,103,7.70,8.00
72,111,13.50,15.50
72,114,13.50,15.50
72,115,22.60,25.50
72,116,23.70,26.50
72,117,23.70,26.50
72,118,23.70,26.50
72,119,23.70,26.50
72,120,23.70,26.50
72,81,19.90,22.00
72,82,23.00,26.50
72,83,23.00,26.50
72,84,13.40,15.50
72,85,13.40,15.50
72,86,23.00,26.50
72,87,23.00,26.50
72,88,23.00,26.50
72,89,23.00,26.50
72,90,7.70,8.00
72,91,12.80,14.50
72,92,13.40,15.50
72,93,13.40,15.50
73,1,19.90,22.00
73,2,19.90,22.00
73,3,13.40,15.50
73,4,13.40,15.50
73,5,12.80,14.50
73,6,12.80,14.50
73,7,11.70,13.50
73,8,9.90,12.00
73,9,11.70,13.50
73,10,11.70,13.50
73,11,12.80,14.50
73,12,12.80,14.50
73,13,13.40,15.50
73,14,13.40,15.50
73,15,13.40,15.50
73,16,11.70,13.50
73,17,11.70,13.50
73,18,12.80,14.50
73,19,12.80,14.50
73,20,13.40,15.50
73,21,13.40,15.50
73,22,15.00,17.00
73,23,15.00,17.00
73,24,15.00,17.00
73,25,15.00,17.00
73,26,19.90,22.00
73,27,19.90,22.00
73,28,19.90,22.00
73,29,23.00,26.50
73,30,23.00,26.50
73,31,23.00,26.50
73,32,23.00,26.50
73,33,23.00,26.50
73,34,23.00,26.50
73,35,23.00,26.50
73,36,23.00,26.50
73,37,23.00,26.50
73,38,15.00,17.00
73,39,19.90,22.00
73,40,13.40,15.50
73,41,12.80,14.50
73,42,15.00,17.00
73,43,27.20,30.00
73,48,15.00,17.00
73,49,15.00,17.00
73,50,17.60,19.50
73,51,17.60,19.50
73,52,17.60,19.50
73,53,11.80,13.50
73,54,24.00,27.50
73,55,30.20,32.50
73,57,17.60,19.50
73,64,10.00,12.00
73,65,10.00,12.00
73,67,6.50,6.50
73,68,6.50,6.50
73,69,6.50,6.50
73,70,8.30,10.00
73,71,4.60,5.00
73,72,4.00,4.00
73,73,0.00,0.00
73,74,4.60,5.00
73,75,4.60,5.00
73,76,28.80,30.00
73,78,28.80,30.00
73,80,13.40,15.50
73,96,7.70,8.00
73,97,7.70,8.00
73,98,7.70,8.00
73,99,7.70,8.00
73,100,7.70,8.00
73,101,7.70,8.00
73,102,7.70,8.00
73,103,7.70,8.00
73,111,13.50,15.50
73,114,13.50,15.50
73,115,22.60,25.50
73,116,23.70,26.50
73,117,23.70,26.50
73,118,23.70,26.50
73,119,23.70,26.50
73,120,23.70,26.50
73,81,19.90,22.00
73,82,23.00,26.50
73,83,23.00,26.50
73,84,13.40,15.50
73,85,13.40,15.50
73,86,23.00,26.50
73,87,23.00,26.50
73,88,23.00,26.50
73,89,23.00,26.50
73,90,7.70,8.00
73,91,12.80,14.50
73,92,13.40,15.50
73,93,13.40,15.50
74,1,22.20,25.50
74,2,22.20,25.50
74,3,14.90,16.00
74,4,14.90,16.00
74,5,13.60,15.50
74,6,13.60,15.50
74,7,12.60,15.00
74,8,11.10,13.00
74,9,12.60,15.00
74,10,12.60,15.00
74,11,13.60,15.50
74,12,13.60,15.50
74,13,15.00,16.50
74,14,15.00,16.50
74,15,15.00,16.50
74,16,12.60,15.00
74,17,12.60,15.00
74,18,13.60,15.50
74,19,13.60,15.50
74,20,15.00,16.50
74,21,15.00,16.50
74,22,17.40,19.50
74,23,17.40,19.50
74,24,17.40,19.50
74,25,17.40,19.50
74,26,22.20,25.50
74,27,22.20,25.50
74,28,22.20,25.50
74,29,24.50,27.50
74,30,24.50,27.50
74,31,24.50,27.50
74,32,24.50,27.50
74,33,24.50,27.50
74,34,24.50,27.50
74,35,24.50,27.50
74,36,24.50,27.50
74,37,24.50,27.50
74,38,17.40,19.50
74,39,22.20,25.50
74,40,15.00,16.00
74,41,13.60,15.50
74,42,17.40,19.50
74,43,28.30,31.00
74,48,17.40,19.50
74,49,17.40,19.50
74,50,19.30,21.50
74,51,19.30,21.50
74,52,19.30,21.50
74,53,12.70,15.00
74,54,25.40,28.00
74,55,31.60,34.50
74,57,19.30,21.50
74,64,11.20,13.00
74,65,11.20,13.00
74,67,7.70,8.00
74,68,7.70,8.00
74,69,7.70,8.00
74,70,12.30,14.00
74,71,6.50,6.50
74,72,4.60,5.00
74,73,4.60,5.00
74,74,0.00,0.00
74,75,4.00,4.00
74,76,26.50,28.00
74,78,26.50,28.00
74,80,14.90,16.00
74,96,7.70,8.00
74,97,7.70,8.00
74,98,7.70,8.00
74,99,7.70,8.00
74,100,7.70,8.00
74,101,7.70,8.00
74,102,7.70,8.00
74,103,7.70,8.00
74,111,15.20,16.00
74,114,15.20,16.50
74,115,24.00,26.50
74,116,25.00,27.50
74,117,25.00,27.50
74,118,25.00,27.50
74,119,25.00,27.50
74,120,25.00,27.50
74,81,22.20,25.50
74,82,24.50,27.50
74,83,24.50,27.50
74,84,14.90,16.00
74,85,14.90,16.00
74,86,24.50,27.50
74,87,24.50,27.50
74,88,24.50,27.50
74,89,24.50,27.50
74,90,7.70,8.00
74,91,13.60,15.50
74,92,14.90,16.00
74,93,14.90,16.00
75,1,22.20,25.50
75,2,22.20,25.50
75,3,14.90,16.00
75,4,14.90,16.00
75,5,13.60,15.50
75,6,13.60,15.50
75,7,12.60,15.00
75,8,11.10,13.00
75,9,12.60,15.00
75,10,12.60,15.00
75,11,13.60,15.50
75,12,13.60,15.50
75,13,15.00,16.50
75,14,15.00,16.50
75,15,15.00,16.50
75,16,12.60,15.00
75,17,12.60,15.00
75,18,13.60,15.50
75,19,13.60,15.50
75,20,15.00,16.50
75,21,15.00,16.50
75,22,17.40,19.50
75,23,17.40,19.50
75,24,17.40,19.50
75,25,17.40,19.50
75,26,22.20,25.50
75,27,22.20,25.50
75,28,22.20,25.50
75,29,24.50,27.50
75,30,24.50,27.50
75,31,24.50,27.50
75,32,24.50,27.50
75,33,24.50,27.50
75,34,24.50,27.50
75,35,24.50,27.50
75,36,24.50,27.50
75,37,24.50,27.50
75,38,17.40,19.50
75,39,22.20,25.50
75,40,15.00,16.00
75,41,13.60,15.50
75,42,17.40,19.50
75,43,28.30,31.00
75,48,17.40,19.50
75,49,17.40,19.50
75,50,19.30,21.50
75,51,19.30,21.50
75,52,19.30,21.50
75,53,12.70,15.00
75,54,25.40,28.00
75,55,31.60,34.50
75,57,19.30,21.50
75,64,11.20,13.00
75,65,11.20,13.00
75,67,7.70,8.00
75,68,7.70,8.00
75,69,7.70,8.00
75,70,12.30,14.00
75,71,6.50,6.50
75,72,4.60,5.00
75,73,4.60,5.00
75,74,4.00,4.00
75,75,0.00,0.00
75,76,26.50,28.00
75,78,26.50,28.00
75,80,14.90,16.00
75,96,7.70,8.00
75,97,7.70,8.00
75,98,7.70,8.00
75,99,7.70,8.00
75,100,7.70,8.00
75,101,7.70,8.00
75,102,7.70,8.00
75,103,7.70,8.00
75,111,15.20,16.00
75,114,15.20,16.50
75,115,24.00,26.50
75,116,25.00,27.50
75,117,25.00,27.50
75,118,25.00,27.50
75,119,25.00,27.50
75,120,25.00,27.50
75,81,22.20,25.50
75,82,24.50,27.50
75,83,24.50,27.50
75,84,14.90,16.00
75,85,14.90,16.00
75,86,24.50,27.50
75,87,24.50,27.50
75,88,24.50,27.50
75,89,24.50,27.50
75,90,7.70,8.00
75,91,13.60,15.50
75,92,14.90,16.00
75,93,14.90,16.00
76,1,52.20,55.50
76,2,52.20,55.50
76,3,44.30,46.50
76,4,46.60,49.50
76,5,45.40,48.00
76,6,45.40,48.00
76,7,44.40,47.00
76,8,41.50,45.00
76,9,44.40,47.00
76,10,44.40,47.00
76,11,45.40,48.00
76,12,45.40,48.00
76,13,46.60,49.50
76,14,46.60,49.50
76,15,46.60,49.50
76,16,44.40,47.00
76,17,44.40,47.00
76,18,45.40,48.00
76,19,45.40,48.00
76,20,46.60,49.50
76,21,46.60,49.50
76,22,48.20,52.00
76,23,48.20,52.00
76,24,48.20,52.00
76,25,48.20,52.00
76,26,52.20,55.50
76,27,52.20,55.50
76,28,52.20,55.50
76,29,54.40,57.00
76,30,54.40,57.00
76,31,54.40,57.00
76,32,54.40,57.00
76,33,54.40,57.00
76,34,54.40,57.00
76,35,54.40,57.00
76,36,54.40,57.00
76,37,54.40,57.00
76,38,48.20,52.00
76,39,52.20,55.50
76,40,46.60,49.50
76,41,45.40,48.00
76,42,48.20,52.00
76,43,57.50,62.50
76,48,48.20,52.00
76,49,48.20,52.00
76,50,50.10,53.00
76,51,50.10,53.00
76,52,50.10,53.00
76,53,44.40,47.00
76,54,54.50,58.50
76,55,60.80,66.00
76,57,50.10,53.00
76,64,41.60,45.00
76,65,41.60,45.00
76,67,33.00,35.50
76,68,33.00,35.50
76,69,30.30,32.00
76,70,28.20,30.00
76,71,30.20,31.00
76,72,28.80,30.00
76,73,28.80,30.00
76,74,26.50,28.00
76,75,26.50,28.00
76,76,0.00,0.00
76,78,26.50,28.00
76,80,44.30,46.50
76,96,33.00,35.50
76,97,33.00,35.50
76,98,33.00,35.50
76,99,33.00,35.50
76,100,33.00,35.50
76,101,33.00,35.50
76,102,33.00,35.50
76,103,33.00,35.50
76,111,46.70,49.50
76,114,48.70,52.00
76,115,57.60,61.50
76,116,59.20,63.00
76,117,59.20,63.00
76,118,59.20,63.00
76,119,59.20,63.00
76,120,59.20,63.00
76,81,52.20,55.50
76,82,54.40,57.00
76,83,54.40,57.00
76,84,46.60,49.50
76,85,46.60,49.50
76,86,54.40,57.00
76,87,54.40,57.00
76,88,54.40,57.00
76,89,54.40,57.00
76,90,33.00,35.50
76,91,45.40,48.00
76,92,46.60,49.50
76,93,46.60,49.50
78,1,52.20,55.50
78,2,52.20,55.50
78,3,44.30,46.50
78,4,46.60,49.50
78,5,45.40,48.00
78,6,45.40,48.00
78,7,44.40,47.00
78,8,41.50,45.00
78,9,44.40,47.00
78,10,44.40,47.00
78,11,45.40,48.00
78,12,45.40,48.00
78,13,46.60,49.50
78,14,46.60,49.50
78,15,46.60,49.50
78,16,44.40,47.00
78,17,44.40,47.00
78,18,45.40,48.00
78,19,45.40,48.00
78,20,46.60,49.50
78,21,46.60,49.50
78,22,48.20,52.00
78,23,48.20,52.00
78,24,48.20,52.00
78,25,48.20,52.00
78,26,52.20,55.50
78,27,52.20,55.50
78,28,52.20,55.50
78,29,54.40,57.00
78,30,54.40,57.00
78,31,54.40,57.00
78,32,54.40,57.00
78,33,54.40,57.00
78,34,54.40,57.00
78,35,54.40,57.00
78,36,54.40,57.00
78,37,54.40,57.00
78,38,48.20,52.00
78,39,52.20,55.50
78,40,46.60,49.50
78,41,45.40,48.00
78,42,48.20,52.00
78,43,57.50,62.50
78,48,48.20,52.00
78,49,48.20,52.00
78,50,50.10,53.00
78,51,50.10,53.00
78,52,50.10,53.00
78,53,44.40,47.00
78,54,54.50,58.50
78,55,60.80,66.00
78,57,50.10,53.00
78,64,41.60,45.00
78,65,41.60,45.00
78,67,33.00,35.50
78,68,33.00,35.50
78,69,30.30,32.00
78,70,28.20,30.00
78,71,30.20,31.00
78,72,28.80,30.00
78,73,28.80,30.00
78,74,26.50,28.00
78,75,26.50,28.00
78,76,26.50,28.00
78,78,0.00,0.00
78,80,44.30,46.50
78,96,33.00,35.50
78,97,33.00,35.50
78,98,33.00,35.50
78,99,33.00,35.50
78,100,33.00,35.50
78,101,33.00,35.50
78,102,33.00,35.50
78,103,33.00,35.50
78,111,46.70,49.50
78,114,48.70,52.00
78,115,57.60,61.50
78,116,59.20,63.00
78,117,59.20,63.00
78,118,59.20,63.00
78,119,59.20,63.00
78,120,59.20,63.00
78,81,52.20,55.50
78,82,54.40,57.00
78,83,54.40,57.00
78,84,46.60,49.50
78,85,46.60,49.50
78,86,54.40,57.00
78,87,54.40,57.00
78,88,54.40,57.00
78,89,54.40,57.00
78,90,33.00,35.50
78,91,45.40,48.00
78,92,46.60,49.50
78,93,46.60,49.50
80,1,10.60,12.50
80,2,10.60,12.50
80,3,0.00,0.00
80,4,4.90,5.00
80,5,4.90,5.00
80,6,5.90,6.00
80,7,7.40,7.50
80,8,7.40,7.50
80,9,9.20,10.50
80,10,9.20,10.50
80,11,9.20,10.50
80,12,9.20,10.50
80,13,9.20,10.50
80,14,9.20,10.50
80,15,9.20,10.50
80,16,5.90,6.00
80,17,7.40,7.50
80,18,7.40,7.50
80,19,9.00,10.50
80,20,9.00,10.50
80,21,11.00,13.00
80,22,11.00,13.00
80,23,11.00,13.00
80,24,11.00,13.00
80,25,11.00,13.00
80,26,10.60,12.50
80,27,10.60,12.50
80,28,13.20,15.50
80,29,13.20,15.50
80,30,13.20,15.50
80,31,13.20,15.50
80,32,13.20,15.50
80,33,15.80,16.00
80,34,15.80,16.00
80,35,15.80,16.00
80,36,15.80,16.00
80,37,15.80,16.00
80,38,9.20,10.50
80,39,10.60,12.50
80,40,4.90,5.00
80,41,5.90,6.00
80,42,11.00,13.00
80,43,18.70,21.00
80,48,9.20,10.50
80,49,11.00,13.00
80,50,11.00,13.00
80,51,11.00,13.00
80,52,11.00,13.00
80,53,6.20,6.50
80,54,15.90,17.00
80,55,22.20,25.50
80,57,11.00,13.00
80,64,4.70,5.00
80,65,5.90,6.00
80,67,10.10,12.00
80,68,10.10,12.00
80,69,11.00,13.00
80,70,17.50,18.50
80,71,11.00,13.00
80,72,13.40,15.50
80,73,13.40,15.50
80,74,14.90,16.00
80,75,14.90,16.00
80,76,44.30,46.50
80,78,44.30,46.50
80,80,0.00,0.00
80,96,11.10,13.00
80,97,11.10,13.00
80,98,11.10,13.00
80,99,11.10,13.00
80,100,14.20,15.50
80,101,14.20,15.50
80,102,14.20,15.50
80,103,14.20,15.50
80,111,4.90,5.00
80,114,10.90,13.00
80,115,21.00,21.50
80,116,22.10,24.00
80,117,22.10,24.00
80,118,22.10,24.00
80,119,22.10,24.00
80,120,22.10,24.00
80,81,13.20,15.50
80,82,13.20,15.50
80,83,13.20,15.50
80,84,5.90,6.00
80,85,5.90,6.00
80,86,13.20,15.50
80,87,13.20,15.50
80,88,13.20,15.50
80,89,15.80,16.00
80,90,10.10,12.00
80,91,7.40,7.50
80,92,5.90,6.00
80,93,5.90,6.00
96,1,17.20,19.00
96,2,17.20,19.00
96,3,11.10,13.00
96,4,11.10,13.00
96,5,9.80,12.00
96,6,9.80,12.00
96,7,8.70,10.00
96,8,8.10,9.50
96,9,8.70,10.00
96,10,8.70,10.00
96,11,9.80,12.00
96,12,9.80,12.00
96,13,11.10,13.00
96,14,11.10,13.00
96,15,11.10,13.00
96,16,8.70,10.00
96,17,8.70,10.00
96,18,9.80,12.00
96,19,9.80,12.00
96,20,11.10,13.00
96,21,11.10,13.00
96,22,12.30,15.00
96,23,12.30,15.00
96,24,12.30,15.00
96,25,12.30,15.00
96,26,17.20,19.00
96,27,17.20,19.00
96,28,17.20,19.00
96,29,20.40,22.00
96,30,20.40,22.00
96,31,20.40,22.00
96,32,20.40,22.00
96,33,20.40,22.00
96,34,20.40,22.00
96,35,20.40,22.00
96,36,20.40,22.00
96,37,20.40,22.00
96,38,12.30,15.00
96,39,17.20,19.00
96,40,11.10,13.00
96,41,9.80,12.00
96,42,12.30,15.00
96,43,25.00,28.50
96,48,12.30,15.00
96,49,12.30,15.00
96,50,13.90,16.00
96,51,13.90,16.00
96,52,13.90,16.00
96,53,9.00,10.00
96,54,21.40,24.50
96,55,29.30,31.50
96,57,13.90,16.00
96,64,8.60,9.50
96,65,8.60,9.50
96,67,4.00,4.00
96,68,5.90,6.00
96,69,5.90,6.00
96,70,9.90,12.00
96,71,5.90,6.00
96,72,7.70,8.00
96,73,7.70,8.00
96,74,7.70,8.00
96,75,7.70,8.00
96,76,33.00,35.50
96,78,33.00,35.50
96,80,11.10,13.00
96,96,0.00,0.00
96,97,4.00,4.00
96,98,4.60,5.00
96,99,4.60,5.00
96,100,5.90,6.00
96,101,5.90,6.00
96,102,5.90,6.00
96,103,5.90,6.00
96,111,11.10,13.00
96,114,11.90,14.00
96,115,21.40,22.00
96,116,22.50,24.50
96,117,22.50,24.50
96,118,22.50,24.50
96,119,22.50,24.50
96,120,22.50,24.50
96,81,17.20,19.00
96,82,20.40,22.00
96,83,20.40,22.00
96,84,11.10,13.00
96,85,11.10,13.00
96,86,20.40,22.00
96,87,20.40,22.00
96,88,20.40,22.00
96,89,20.40,22.00
96,90,5.90,6.00
96,91,9.80,12.00
96,92,11.10,13.00
96,93,11.10,13.00
97,1,17.20,19.00
97,2,17.20,19.00
97,3,11.10,13.00
97,4,11.10,13.00
97,5,9.80,12.00
97,6,9.80,12.00
97,7,8.70,10.00
97,8,8.10,9.50
97,9,8.70,10.00
97,10,8.70,10.00
97,11,9.80,12.00
97,12,9.80,12.00
97,13,11.10,13.00
97,14,11.10,13.00
97,15,11.10,13.00
97,16,8.70,10.00
97,17,8.70,10.00
97,18,9.80,12.00
97,19,9.80,12.00
97,20,11.10,13.00
97,21,11.10,13.00
97,22,12.30,15.00
97,23,12.30,15.00
97,24,12.30,15.00
97,25,12.30,15.00
97,26,17.20,19.00
97,27,17.20,19.00
97,28,17.20,19.00
97,29,20.40,22.00
97,30,20.40,22.00
97,31,20.40,22.00
97,32,20.40,22.00
97,33,20.40,22.00
97,34,20.40,22.00
97,35,20.40,22.00
97,36,20.40,22.00
97,37,20.40,22.00
97,38,12.30,15.00
97,39,17.20,19.00
97,40,11.10,13.00
97,41,9.80,12.00
97,42,12.30,15.00
97,43,25.00,28.50
97,48,12.30,15.00
97,49,12.30,15.00
97,50,13.90,16.00
97,51,13.90,16.00
97,52,13.90,16.00
97,53,9.00,10.00
97,54,21.40,24.50
97,55,29.30,31.50
97,57,13.90,16.00
97,64,8.60,9.50
97,65,8.60,9.50
97,67,5.90,6.00
97,68,5.90,6.00
97,69,5.90,6.00
97,70,9.90,12.00
97,71,5.90,6.00
97,72,7.70,8.00
97,73,7.70,8.00
97,74,7.70,8.00
97,75,7.70,8.00
97,76,33.00,35.50
97,78,33.00,35.50
97,80,11.10,13.00
97,96,4.00,4.00
97,97,0.00,0.00
97,98,4.00,4.00
97,99,4.60,5.00
97,100,5.90,6.00
97,101,5.90,6.00
97,102,5.90,6.00
97,103,5.90,6.00
97,111,11.10,13.00
97,114,11.90,14.00
97,115,21.40,22.00
97,116,22.50,24.50
97,117,22.50,24.50
97,118,22.50,24.50
97,119,22.50,24.50
97,120,22.50,24.50
97,81,17.20,19.00
97,82,20.40,22.00
97,83,20.40,22.00
97,84,11.10,13.00
97,85,11.10,13.00
97,86,20.40,22.00
97,87,20.40,22.00
97,88,20.40,22.00
97,89,20.40,22.00
97,90,5.90,6.00
97,91,9.80,12.00
97,92,11.10,13.00
97,93,11.10,13.00
98,1,17.20,19.00
98,2,17.20,19.00
98,3,11.10,13.00
98,4,11.10,13.00
98,5,9.80,12.00
98,6,9.80,12.00
98,7,8.70,10.00
98,8,8.10,9.50
98,9,8.70,10.00
98,10,8.70,10.00
98,11,9.80,12.00
98,12,9.80,12.00
98,13,11.10,13.00
98,14,11.10,13.00
98,15,11.10,13.00
98,16,8.70,10.00
98,17,8.70,10.00
98,18,9.80,12.00
98,19,9.80,12.00
98,20,11.10,13.00
98,21,11.10,13.00
98,22,12.30,15.00
98,23,12.30,15.00
98,24,12.30,15.00
98,25,12.30,15.00
98,26,17.20,19.00
98,27,17.20,19.00
98,28,17.20,19.00
98,29,20.40,22.00
98,30,20.40,22.00
98,31,20.40,22.00
98,32,20.40,22.00
98,33,20.40,22.00
98,34,20.40,22.00
98,35,20.40,22.00
98,36,20.40,22.00
98,37,20.40,22.00
98,38,12.30,15.00
98,39,17.20,19.00
98,40,11.10,13.00
98,41,9.80,12.00
98,42,12.30,15.00
98,43,25.00,28.50
98,48,12.30,15.00
98,49,12.30,15.00
98,50,13.90,16.00
98,51,13.90,16.00
98,52,13.90,16.00
98,53,9.00,10.00
98,54,21.40,24.50
98,55,29.30,31.50
98,57,13.90,16.00
98,64,8.60,9.50
98,65,8.60,9.50
98,67,5.90,6.00
98,68,5.90,6.00
98,69,5.90,6.00
98,70,9.90,12.00
98,71,5.90,6.00
98,72,7.70,8.00
98,73,7.70,8.00
98,74,7.70,8.00
98,75,7.70,8.00
98,76,33.00,35.50
98,78,33.00,35.50
98,80,11.10,13.00
98,96,4.60,5.00
98,97,4.00,4.00
98,98,0.00,0.00
98,99,4.00,4.00
98,100,5.90,6.00
98,101,5.90,6.00
98,102,5.90,6.00
98,103,5.90,6.00
98,111,11.10,13.00
98,114,11.90,14.00
98,115,21.40,22.00
98,116,22.50,24.50
98,117,22.50,24.50
98,118,22.50,24.50
98,119,22.50,24.50
98,120,22.50,24.50
98,81,17.20,19.00
98,82,20.40,22.00
98,83,20.40,22.00
98,84,11.10,13.00
98,85,11.10,13.00
98,86,20.40,22.00
98,87,20.40,22.00
98,88,20.40,22.00
98,89,20.40,22.00
98,90,5.90,6.00
98,91,9.80,12.00
98,92,11.10,13.00
98,93,11.10,13.00
99,1,17.20,19.00
99,2,17.20,19.00
99,3,11.10,13.00
99,4,11.10,13.00
99,5,9.80,12.00
99,6,9.80,12.00
99,7,8.70,10.00
99,8,8.10,9.50
99,9,8.70,10.00
99,10,8.70,10.00
99,11,9.80,12.00
99,12,9.80,12.00
99,13,11.10,13.00
99,14,11.10,13.00
99,15,11.10,13.00
99,16,8.70,10.00
99,17,8.70,10.00
99,18,9.80,12.00
99,19,9.80,12.00
99,20,11.10,13.00
99,21,11.10,13.00
99,22,12.30,15.00
99,23,12.30,15.00
99,24,12.30,15.00
99,25,12.30,15.00
99,26,17.20,19.00
99,27,17.20,19.00
99,28,17.20,19.00
99,29,20.40,22.00
99,30,20.40,22.00
99,31,20.40,22.00
99,32,20.40,22.00
99,33,20.40,22.00
99,34,20.40,22.00
99,35,20.40,22.00
99,36,20.40,22.00
99,37,20.40,22.00
99,38,12.30,15.00
99,39,17.20,19.00
99,40,11.10,13.00
99,41,9.80,12.00
99,42,12.30,15.00
99,43,25.00,28.50
99,48,12.30,15.00
99,49,12.30,15.00
99,50,13.90,16.00
99,51,13.90,16.00
99,52,13.90,16.00
99,53,9.00,10.00
99,54,21.40,24.50
99,55,29.30,31.50
99,57,13.90,16.00
99,64,8.60,9.50
99,65,8.60,9.50
99,67,5.90,6.00
99,68,5.90,6.00
99,69,5.90,6.00
99,70,9.90,12.00
99,71,5.90,6.00
99,72,7.70,8.00
99,73,7.70,8.00
99,74,7.70,8.00
99,75,7.70,8.00
99,76,33.00,35.50
99,78,33.00,35.50
99,80,11.10,13.00
99,96,4.60,5.00
99,97,4.60,5.00
99,98,4.00,4.00
99,99,0.00,0.00
99,100,4.00,4.00
99,101,5.90,6.00
99,102,5.90,6.00
99,103,5.90,6.00
99,111,11.10,13.00
99,114,11.90,14.00
99,115,21.40,22.00
99,116,22.50,24.50
99,117,22.50,24.50
99,118,22.50,24.50
99,119,22.50,24.50
99,120,22.50,24.50
99,81,17.20,19.00
99,82,20.40,22.00
99,83,20.40,22.00
99,84,11.10,13.00
99,85,11.10,13.00
99,86,20.40,22.00
99,87,20.40,22.00
99,88,20.40,22.00
99,89,20.40,22.00
99,90,5.90,6.00
99,91,9.80,12.00
99,92,11.10,13.00
99,93,11.10,13.00
100,1,20.80,22.00
100,2,20.80,22.00
100,3,14.20,15.50
100,4,13.30,15.50
100,5,12.00,14.00
100,6,12.00,14.00
100,7,10.70,12.50
100,8,10.70,12.50
100,9,10.70,12.50
100,10,10.70,12.50
100,11,12.00,14.00
100,12,12.00,14.00
100,13,13.30,15.50
100,14,13.30,15.50
100,15,13.30,15.50
100,16,10.70,12.50
100,17,10.70,12.50
100,18,12.00,14.00
100,19,12.00,14.00
100,20,13.80,15.50
100,21,13.80,15.50
100,22,15.90,17.00
100,23,15.90,17.00
100,24,15.90,17.00
100,25,15.90,17.00
100,26,20.80,22.00
100,27,20.80,22.00
100,28,20.80,22.00
100,29,22.90,26.00
100,30,22.90,26.00
100,31,22.90,26.00
100,32,22.90,26.00
100,33,22.90,26.00
100,34,22.90,26.00
100,35,22.90,26.00
100,36,22.90,26.00
100,37,22.90,26.00
100,38,15.90,17.00
100,39,20.80,22.00
100,40,13.80,15.50
100,41,12.00,14.00
100,42,15.90,17.00
100,43,27.80,30.50
100,48,15.90,17.00
100,49,15.90,17.00
100,50,17.50,19.00
100,51,17.50,19.00
100,52,17.50,19.00
100,53,11.20,13.00
100,54,23.90,27.00
100,55,31.30,33.00
100,57,17.50,19.00
100,64,11.50,13.50
100,65,11.50,13.50
100,67,7.70,8.00
100,68,7.70,8.00
100,69,7.70,8.00
100,70,11.10,13.00
100,71,7.70,8.00
100,72,7.70,8.00
100,73,7.70,8.00
100,74,7.70,8.00
100,75,7.70,8.00
100,76,33.00,35.50
100,78,33.00,35.50
100,80,14.20,15.50
100,96,5.90,6.00
100,97,5.90,6.00
100,98,5.90,6.00
100,99,4.00,4.00
100,100,0.00,0.00
100,101,4.00,4.00
100,102,4.60,5.00
100,103,4.60,5.00
100,111,13.80,15.50
100,114,14.30,16.00
100,115,23.70,26.00
100,116,24.70,27.00
100,117,24.70,27.00
100,118,24.70,27.00
100,119,24.70,27.00
100,120,24.70,27.00
100,81,20.80,22.00
100,82,22.90,26.00
100,83,22.90,26.00
100,84,13.30,15.50
100,85,14.20,15.50
100,86,22.90,26.00
100,87,22.90,26.00
100,88,22.90,26.00
100,89,22.90,26.00
100,90,7.70,8.00
100,91,12.00,14.00
100,92,13.30,15.50
100,93,13.30,15.50
101,1,20.80,22.00
101,2,20.80,22.00
101,3,14.20,15.50
101,4,13.30,15.50
101,5,12.00,14.00
101,6,12.00,14.00
101,7,10.70,12.50
101,8,10.70,12.50
101,9,10.70,12.50
101,10,10.70,12.50
101,11,12.00,14.00
101,12,12.00,14.00
101,13,13.30,15.50
101,14,13.30,15.50
101,15,13.30,15.50
101,16,10.70,12.50
101,17,10.70,12.50
101,18,12.00,14.00
101,19,12.00,14.00
101,20,13.80,15.50
101,21,13.80,15.50
101,22,15.90,17.00
101,23,15.90,17.00
101,24,15.90,17.00
101,25,15.90,17.00
101,26,20.80,22.00
101,27,20.80,22.00
101,28,20.80,22.00
101,29,22.90,26.00
101,30,22.90,26.00
101,31,22.90,26.00
101,32,22.90,26.00
101,33,22.90,26.00
101,34,22.90,26.00
101,35,22.90,26.00
101,36,22.90,26.00
101,37,22.90,26.00
101,38,15.90,17.00
101,39,20.80,22.00
101,40,13.80,15.50
101,41,12.00,14.00
101,42,15.90,17.00
101,43,27.80,30.50
101,48,15.90,17.00
101,49,15.90,17.00
101,50,17.50,19.00
101,51,17.50,19.00
101,52,17.50,19.00
101,53,11.20,13.00
101,54,23.90,27.00
101,55,31.30,33.00
101,57,17.50,19.00
101,64,11.50,13.50
101,65,11.50,13.50
101,67,7.70,8.00
101,68,7.70,8.00
101,69,7.70,8.00
101,70,11.10,13.00
101,71,7.70,8.00
101,72,7.70,8.00
101,73,7.70,8.00
101,74,7.70,8.00
101,75,7.70,8.00
101,76,33.00,35.50
101,78,33.00,35.50
101,80,14.20,15.50
101,96,5.90,6.00
101,97,5.90,6.00
101,98,5.90,6.00
101,99,5.90,6.00
101,100,4.00,4.00
101,101,0.00,0.00
101,102,4.00,4.00
101,103,4.60,5.00
101,111,13.80,15.50
101,114,14.30,16.00
101,115,23.70,26.00
101,116,24.70,27.00
101,117,24.70,27.00
101,118,24.70,27.00
101,119,24.70,27.00
101,120,24.70,27.00
101,81,20.80,22.00
101,82,22.90,26.00
101,83,22.90,26.00
101,84,13.30,15.50
101,85,14.20,15.50
101,86,22.90,26.00
101,87,22.90,26.00
101,88,22.90,26.00
101,89,22.90,26.00
101,90,7.70,8.00
101,91,12.00,14.00
101,92,13.30,15.50
101,93,13.30,15.50
102,1,20.80,22.00
102,2,20.80,22.00
102,3,14.20,15.50
102,4,13.30,15.50
102,5,12.00,14.00
102,6,12.00,14.00
102,7,10.70,12.50
102,8,10.70,12.50
102,9,10.70,12.50
102,10,10.70,12.50
102,11,12.00,14.00
102,12,12.00,14.00
102,13,13.30,15.50
102,14,13.30,15.50
102,15,13.30,15.50
102,16,10.70,12.50
102,17,10.70,12.50
102,18,12.00,14.00
102,19,12.00,14.00
102,20,13.80,15.50
102,21,13.80,15.50
102,22,15.90,17.00
102,23,15.90,17.00
102,24,15.90,17.00
102,25,15.90,17.00
102,26,20.80,22.00
102,27,20.80,22.00
102,28,20.80,22.00
102,29,22.90,26.00
102,30,22.90,26.00
102,31,22.90,26.00
102,32,22.90,26.00
102,33,22.90,26.00
102,34,22.90,26.00
102,35,22.90,26.00
102,36,22.90,26.00
102,37,22.90,26.00
102,38,15.90,17.00
102,39,20.80,22.00
102,40,13.80,15.50
102,41,12.00,14.00
102,42,15.90,17.00
102,43,27.80,30.50
102,48,15.90,17.00
102,49,15.90,17.00
102,50,17.50,19.00
102,51,17.50,19.00
102,52,17.50,19.00
102,53,11.20,13.00
102,54,23.90,27.00
102,55,31.30,33.00
102,57,17.50,19.00
102,64,11.50,13.50
102,65,11.50,13.50
102,67,7.70,8.00
102,68,7.70,8.00
102,69,7.70,8.00
102,70,11.10,13.00
102,71,7.70,8.00
102,72,7.70,8.00
102,73,7.70,8.00
102,74,7.70,8.00
102,75,7.70,8.00
102,76,33.00,35.50
102,78,33.00,35.50
102,80,14.20,15.50
102,96,5.90,6.00
102,97,5.90,6.00
102,98,5.90,6.00
102,99,5.90,6.00
102,100,4.60,5.00
102,101,4.00,4.00
102,102,0.00,0.00
102,103,4.00,4.00
102,111,13.80,15.50
102,114,14.30,16.00
102,115,23.70,26.00
102,116,24.70,27.00
102,117,24.70,27.00
102,118,24.70,27.00
102,119,24.70,27.00
102,120,24.70,27.00
102,81,20.80,22.00
102,82,22.90,26.00
102,83,22.90,26.00
102,84,13.30,15.50
102,85,14.20,15.50
102,86,22.90,26.00
102,87,22.90,26.00
102,88,22.90,26.00
102,89,22.90,26.00
102,90,7.70,8.00
102,91,12.00,14.00
102,92,13.30,15.50
102,93,13.30,15.50
103,1,20.80,22.00
103,2,20.80,22.00
103,3,14.20,15.50
103,4,13.30,15.50
103,5,12.00,14.00
103,6,12.00,14.00
103,7,10.70,12.50
103,8,10.70,12.50
103,9,10.70,12.50
103,10,10.70,12.50
103,11,12.00,14.00
103,12,12.00,14.00
103,13,13.30,15.50
103,14,13.30,15.50
103,15,13.30,15.50
103,16,10.70,12.50
103,17,10.70,12.50
103,18,12.00,14.00
103,19,12.00,14.00
103,20,13.80,15.50
103,21,13.80,15.50
103,22,15.90,17.00
103,23,15.90,17.00
103,24,15.90,17.00
103,25,15.90,17.00
103,26,20.80,22.00
103,27,20.80,22.00
103,28,20.80,22.00
103,29,22.90,26.00
103,30,22.90,26.00
103,31,22.90,26.00
103,32,22.90,26.00
103,33,22.90,26.00
103,34,22.90,26.00
103,35,22.90,26.00
103,36,22.90,26.00
103,37,22.90,26.00
103,38,15.90,17.00
103,39,20.80,22.00
103,40,13.80,15.50
103,41,12.00,14.00
103,42,15.90,17.00
103,43,27.80,30.50
103,48,15.90,17.00
103,49,15.90,17.00
103,50,17.50,19.00
103,51,17.50,19.00
103,52,17.50,19.00
103,53,11.20,13.00
103,54,23.90,27.00
103,55,31.30,33.00
103,57,17.50,19.00
103,64,11.50,13.50
103,65,11.50,13.50
103,67,7.70,8.00
103,68,7.70,8.00
103,69,7.70,8.00
103,70,11.10,13.00
103,71,7.70,8.00
103,72,7.70,8.00
103,73,7.70,8.00
103,74,7.70,8.00
103,75,7.70,8.00
103,76,33.00,35.50
103,78,33.00,35.50
103,80,14.20,15.50
103,96,5.90,6.00
103,97,5.90,6.00
103,98,5.90,6.00
103,99,5.90,6.00
103,100,4.60,5.00
103,101,4.60,5.00
103,102,4.00,4.00
103,103,0.00,0.00
103,111,13.80,15.50
103,114,14.30,16.00
103,115,23.70,26.00
103,116,24.70,27.00
103,117,24.70,27.00
103,118,24.70,27.00
103,119,24.70,27.00
103,120,24.70,27.00
103,81,20.80,22.00
103,82,22.90,26.00
103,83,22.90,26.00
103,84,13.30,15.50
103,85,14.20,15.50
103,86,22.90,26.00
103,87,22.90,26.00
103,88,22.90,26.00
103,89,22.90,26.00
103,90,7.70,8.00
103,91,12.00,14.00
103,92,13.30,15.50
103,93,13.30,15.50
111,1,10.60,12.50
111,2,10.60,12.50
111,3,4.90,5.00
111,4,4.90,5.00
111,5,4.90,5.00
111,6,4.90,5.00
111,7,5.90,6.00
111,8,7.40,7.50
111,9,7.40,7.50
111,10,9.20,10.50
111,11,9.20,10.50
111,12,9.20,10.50
111,13,9.20,10.50
111,14,9.20,10.50
111,15,9.20,10.50
111,16,5.90,6.00
111,17,5.90,6.00
111,18,7.40,7.50
111,19,7.40,7.50
111,20,9.00,10.50
111,21,9.20,10.50
111,22,11.00,13.00
111,23,11.00,13.00
111,24,11.00,13.00
111,25,11.00,13.00
111,26,10.60,12.50
111,27,10.60,12.50
111,28,13.20,15.50
111,29,13.20,15.50
111,30,13.20,15.50
111,31,13.20,15.50
111,32,13.20,15.50
111,33,15.80,16.00
111,34,15.80,16.00
111,35,15.80,16.00
111,36,15.80,16.00
111,37,15.80,16.00
111,38,9.20,10.50
111,39,10.60,12.50
111,40,4.90,5.00
111,41,4.90,5.00
111,42,11.00,13.00
111,43,18.70,21.00
111,48,9.20,10.50
111,49,11.00,13.00
111,50,11.00,13.00
111,51,11.00,13.00
111,52,11.00,13.00
111,53,5.90,6.00
111,54,15.90,17.00
111,55,22.20,25.50
111,57,11.00,13.00
111,64,6.20,6.50
111,65,7.80,8.00
111,67,11.00,13.00
111,68,11.00,13.00
111,69,11.90,13.50
111,70,19.60,21.50
111,71,12.50,14.00
111,72,13.50,15.50
111,73,13.50,15.50
111,74,15.20,16.00
111,75,15.20,16.00
111,76,46.70,49.50
111,78,46.70,49.50
111,80,4.90,5.00
111,96,11.10,13.00
111,97,11.10,13.00
111,98,11.10,13.00
111,99,11.10,13.00
111,100,13.80,15.50
111,101,13.80,15.50
111,102,13.80,15.50
111,103,13.80,15.50
111,111,0.00,0.00
111,114,10.40,12.50
111,115,21.00,21.50
111,116,22.10,23.00
111,117,22.10,23.00
111,118,22.10,23.00
111,119,22.10,23.00
111,120,22.10,23.00
111,81,13.20,15.50
111,82,13.20,15.50
111,83,13.20,15.50
111,84,6.20,6.50
111,85,6.20,6.50
111,86,13.20,15.50
111,87,13.20,15.50
111,88,13.20,15.50
111,89,15.80,16.00
111,90,11.00,13.00
111,91,7.40,7.50
111,92,6.20,6.50
111,93,6.20,6.50
114,1,17.80,19.50
114,2,17.80,19.50
114,3,10.90,13.00
114,4,10.90,13.00
114,5,10.40,12.50
114,6,9.20,10.50
114,7,8.70,10.50
114,8,9.20,10.50
114,9,10.00,12.00
114,10,10.20,12.00
114,11,10.90,13.00
114,12,10.90,13.00
114,13,12.80,15.50
114,14,12.80,15.50
114,15,12.80,15.50
114,16,8.70,10.50
114,17,8.70,10.50
114,18,7.50,7.50
114,19,7.50,7.50
114,20,7.20,7.50
114,21,5.90,6.00
114,22,5.90,6.00
114,23,5.90,6.00
114,24,4.90,5.00
114,25,4.90,5.00
114,26,17.80,19.50
114,27,17.80,19.50
114,28,17.80,19.50
114,29,17.80,19.50
114,30,18.70,21.00
114,31,18.70,21.00
114,32,18.70,21.00
114,33,18.70,21.00
114,34,18.70,21.00
114,35,18.70,21.00
114,36,18.70,21.00
114,37,18.70,21.00
114,38,12.80,15.50
114,39,17.80,19.50
114,40,10.40,12.50
114,41,9.20,10.50
114,42,5.90,6.00
114,43,20.40,22.50
114,48,13.00,15.50
114,49,13.00,15.50
114,50,13.00,15.50
114,51,13.00,15.50
114,52,13.00,15.50
114,53,8.90,10.00
114,54,16.40,18.50
114,55,23.60,27.50
114,57,13.00,15.50
114,64,10.90,13.00
114,65,9.30,10.50
114,67,11.50,13.50
114,68,11.50,13.50
114,69,11.90,13.50
114,70,19.60,21.50
114,71,12.50,14.00
114,72,13.50,15.50
114,73,13.50,15.50
114,74,15.20,16.50
114,75,15.20,16.50
114,76,48.70,52.00
114,78,48.70,52.00
114,80,10.90,13.00
114,96,11.90,14.00
114,97,11.90,14.00
114,98,11.90,14.00
114,99,11.90,14.00
114,100,14.30,16.00
114,101,14.30,16.00
114,102,14.30,16.00
114,103,14.30,16.00
114,111,10.40,12.50
114,114,0.00,0.00
114,115,13.60,15.50
114,116,14.90,15.50
114,117,14.90,15.50
114,118,14.90,15.50
114,119,14.90,15.50
114,120,14.90,15.50
114,81,17.80,19.50
114,82,17.80,19.50
114,83,18.70,21.00
114,84,10.90,13.00
114,85,10.90,13.00
114,86,18.70,21.00
114,87,18.70,21.00
114,88,18.70,21.00
114,89,18.70,21.00
114,90,11.50,13.50
114,91,10.90,13.00
114,92,10.90,13.00
114,93,10.90,13.00
115,1,28.00,30.00
115,2,28.00,30.00
115,3,21.00,21.50
115,4,21.00,21.50
115,5,21.00,21.50
115,6,18.90,19.50
115,7,18.70,19.50
115,8,18.90,19.50
115,9,20.70,21.50
115,10,20.70,21.50
115,11,21.20,22.00
115,12,21.20,22.00
115,13,23.40,26.00
115,14,23.40,26.00
115,15,23.40,26.00
115,16,18.70,19.50
115,17,18.70,19.50
115,18,17.50,18.50
115,19,17.50,18.50
115,20,15.80,16.00
115,21,17.50,18.50
115,22,17.50,18.50
115,23,18.70,19.50
115,24,18.70,19.50
115,25,20.80,21.50
115,26,28.00,30.00
115,27,28.00,30.00
115,28,28.00,30.00
115,29,28.00,30.00
115,30,29.30,31.00
115,31,29.30,31.00
115,32,29.30,31.00
115,33,29.30,31.00
115,34,29.30,31.00
115,35,29.30,31.00
115,36,29.30,31.00
115,37,29.30,31.00
115,38,23.40,26.00
115,39,28.00,30.00
115,40,21.00,21.50
115,41,18.90,19.50
115,42,18.70,19.50
115,43,30.10,32.00
115,48,23.90,26.50
115,49,23.90,26.50
115,50,23.90,26.50
115,51,23.90,26.50
115,52,23.90,26.50
115,53,16.80,17.00
115,54,27.00,29.50
115,55,32.80,35.50
115,57,23.90,26.50
115,64,21.00,21.50
115,65,19.00,19.50
115,67,20.80,22.00
115,68,20.80,22.00
115,69,20.80,22.00
115,70,27.70,30.00
115,71,21.40,22.00
115,72,22.60,25.50
115,73,22.60,25.50
115,74,24.00,26.50
115,75,24.00,26.50
115,76,57.60,61.50
115,78,57.60,61.50
115,80,21.00,21.50
115,96,21.40,22.00
115,97,21.40,22.00
115,98,21.40,22.00
115,99,21.40,22.00
115,100,23.70,26.00
115,101,23.70,26.00
115,102,23.70,26.00
115,103,23.70,26.00
115,111,21.00,21.50
115,114,13.60,15.50
115,115,0.00,0.00
115,116,5.30,5.50
115,117,6.40,6.50
115,118,6.50,6.50
115,119,7.20,7.50
115,120,8.30,9.50
115,81,28.00,30.00
115,82,28.00,30.00
115,83,29.30,31.00
115,84,21.00,21.50
115,85,21.00,21.50
115,86,29.30,31.00
115,87,29.30,31.00
115,88,29.30,31.00
115,89,29.30,31.00
115,90,20.80,22.00
115,91,21.20,22.00
115,92,21.20,22.00
115,93,21.20,22.00
116,1,29.30,31.00
116,2,29.30,31.00
116,3,22.10,24.00
116,4,22.10,24.00
116,5,22.10,24.00
116,6,20.80,21.50
116,7,20.70,21.50
116,8,20.80,21.50
116,9,21.70,22.50
116,10,21.70,22.50
116,11,22.30,24.00
116,12,22.30,24.00
116,13,24.90,27.50
116,14,24.90,27.50
116,15,24.90,27.50
116,16,20.70,21.50
116,17,20.70,21.50
116,18,18.90,19.50
116,19,18.90,19.50
116,20,16.80,17.00
116,21,18.90,19.50
116,22,18.90,19.50
116,23,20.70,21.50
116,24,20.70,21.50
116,25,21.80,22.50
116,26,29.30,31.00
116,27,29.30,31.00
116,28,29.30,31.00
116,29,29.30,31.00
116,30,30.20,32.00
116,31,30.20,32.00
116,32,30.20,32.00
116,33,30.20,32.00
116,34,30.20,32.00
116,35,30.20,32.00
116,36,30.20,32.00
116,37,30.20,32.00
116,38,24.90,27.50
116,39,29.30,31.00
116,40,22.10,23.00
116,41,20.80,21.50
116,42,20.70,21.50
116,43,31.00,32.50
116,48,25.50,28.00
116,49,25.50,28.00
116,50,25.50,28.00
116,51,25.50,28.00
116,52,25.50,28.00
116,53,17.80,18.50
116,54,28.00,30.00
116,55,33.80,36.50
116,57,25.50,28.00
116,64,22.10,24.00
116,65,20.90,21.50
116,67,22.00,23.50
116,68,22.00,23.50
116,69,22.00,23.50
116,70,28.70,31.00
116,71,22.50,24.50
116,72,23.70,26.50
116,73,23.70,26.50
116,74,25.00,27.50
116,75,25.00,27.50
116,76,59.20,63.00
116,78,59.20,63.00
116,80,22.10,24.00
116,96,22.50,24.50
116,97,22.50,24.50
116,98,22.50,24.50
116,99,22.50,24.50
116,100,24.70,27.00
116,101,24.70,27.00
116,102,24.70,27.00
116,103,24.70,27.00
116,111,22.10,23.00
116,114,14.90,15.50
116,115,5.30,5.50
116,116,0.00,0.00
116,117,5.30,5.50
116,118,5.40,5.50
116,119,5.80,6.00
116,120,7.10,7.50
116,81,29.30,31.00
116,82,29.30,31.00
116,83,30.20,32.00
116,84,22.10,24.00
116,85,22.10,24.00
116,86,30.20,32.00
116,87,30.20,32.00
116,88,30.20,32.00
116,89,30.20,32.00
116,90,22.00,23.50
116,91,22.30,24.00
116,92,22.30,24.00
116,93,22.30,24.00
117,1,29.30,31.00
117,2,29.30,31.00
117,3,22.10,24.00
117,4,22.10,24.00
117,5,22.10,24.00
117,6,20.80,21.50
117,7,20.70,21.50
117,8,20.80,21.50
117,9,21.70,22.50
117,10,21.70,22.50
117,11,22.30,24.00
117,12,22.30,24.00
117,13,24.90,27.50
117,14,24.90,27.50
117,15,24.90,27.50
117,16,20.70,21.50
117,17,20.70,21.50
117,18,18.90,19.50
117,19,18.90,19.50
117,20,16.80,17.00
117,21,18.90,19.50
117,22,18.90,19.50
117,23,20.70,21.50
117,24,20.70,21.50
117,25,21.80,22.50
117,26,29.30,31.00
117,27,29.30,31.00
117,28,29.30,31.00
117,29,29.30,31.00
117,30,30.20,32.00
117,31,30.20,32.00
117,32,30.20,32.00
117,33,30.20,32.00
117,34,30.20,32.00
117,35,30.20,32.00
117,36,30.20,32.00
117,37,30.20,32.00
117,38,24.90,27.50
117,39,29.30,31.00
117,40,22.10,23.00
117,41,20.80,21.50
117,42,20.70,21.50
117,43,31.00,32.50
117,48,25.50,28.00
117,49,25.50,28.00
117,50,25.50,28.00
117,51,25.50,28.00
117,52,25.50,28.00
117,53,17.80,18.50
117,54,28.00,30.00
117,55,33.80,36.50
117,57,25.50,28.00
117,64,22.10,24.00
117,65,20.90,21.50
117,67,22.00,23.50
117,68,22.00,23.50
117,69,22.00,23.50
117,70,28.70,31.00
117,71,22.50,24.50
117,72,23.70,26.50
117,73,23.70,26.50
117,74,25.00,27.50
117,75,25.00,27.50
117,76,59.20,63.00
117,78,59.20,63.00
117,80,22.10,24.00
117,96,22.50,24.50
117,97,22.50,24.50
117,98,22.50,24.50
117,99,22.50,24.50
117,100,24.70,27.00
117,101,24.70,27.00
117,102,24.70,27.00
117,103,24.70,27.00
117,111,22.10,23.00
117,114,14.90,15.50
117,115,6.40,6.50
117,116,5.30,5.50
117,117,0.00,0.00
117,118,5.30,5.50
117,119,5.80,6.00
117,120,6.40,6.50
117,81,29.30,31.00
117,82,29.30,31.00
117,83,30.20,32.00
117,84,22.10,24.00
117,85,22.10,24.00
117,86,30.20,32.00
117,87,30.20,32.00
117,88,30.20,32.00
117,89,30.20,32.00
117,90,22.00,23.50
117,91,22.30,24.00
117,92,22.30,24.00
117,93,22.30,24.00
118,1,29.30,31.00
118,2,29.30,31.00
118,3,22.10,24.00
118,4,22.10,24.00
118,5,22.10,24.00
118,6,20.80,21.50
118,7,20.70,21.50
118,8,20.80,21.50
118,9,21.70,22.50
118,10,21.70,22.50
118,11,22.30,24.00
118,12,22.30,24.00
118,13,24.90,27.50
118,14,24.90,27.50
118,15,24.90,27.50
118,16,20.70,21.50
118,17,20.70,21.50
118,18,18.90,19.50
118,19,18.90,19.50
118,20,16.80,17.00
118,21,18.90,19.50
118,22,18.90,19.50
118,23,20.70,21.50
118,24,20.70,21.50
118,25,21.80,22.50
118,26,29.30,31.00
118,27,29.30,31.00
118,28,29.30,31.00
118,29,29.30,31.00
118,30,30.20,32.00
118,31,30.20,32.00
118,32,30.20,32.00
118,33,30.20,32.00
118,34,30.20,32.00
118,35,30.20,32.00
118,36,30.20,32.00
118,37,30.20,32.00
118,38,24.90,27.50
118,39,29.30,31.00
118,40,22.10,23.00
118,41,20.80,21.50
118,42,20.70,21.50
118,43,31.00,32.50
118,48,25.50,28.00
118,49,25.50,28.00
118,50,25.50,28.00
118,51,25.50,28.00
118,52,25.50,28.00
118,53,17.80,18.50
118,54,28.00,30.00
118,55,33.80,36.50
118,57,25.50,28.00
118,64,22.10,24.00
118,65,20.90,21.50
118,67,22.00,23.50
118,68,22.00,23.50
118,69,22.00,23.50
118,70,28.70,31.00
118,71,22.50,24.50
118,72,23.70,26.50
118,73,23.70,26.50
118,74,25.00,27.50
118,75,25.00,27.50
118,76,59.20,63.00
118,78,59.20,63.00
118,80,22.10,24.00
118,96,22.50,24.50
118,97,22.50,24.50
118,98,22.50,24.50
118,99,22.50,24.50
118,100,24.70,27.00
118,101,24.70,27.00
118,102,24.70,27.00
118,103,24.70,27.00
118,111,22.10,23.00
118,114,14.90,15.50
118,115,6.50,6.50
118,116,5.40,5.50
118,117,5.30,5.50
118,118,0.00,0.00
118,119,5.40,5.50
118,120,5.80,6.00
118,81,29.30,31.00
118,82,29.30,31.00
118,83,30.20,32.00
118,84,22.10,24.00
118,85,22.10,24.00
118,86,30.20,32.00
118,87,30.20,32.00
118,88,30.20,32.00
118,89,30.20,32.00
118,90,22.00,23.50
118,91,22.30,24.00
118,92,22.30,24.00
118,93,22.30,24.00
119,1,29.30,31.00
119,2,29.30,31.00
119,3,22.10,24.00
119,4,22.10,24.00
119,5,22.10,24.00
119,6,20.80,21.50
119,7,20.70,21.50
119,8,20.80,21.50
119,9,21.70,22.50
119,10,21.70,22.50
119,11,22.30,24.00
119,12,22.30,24.00
119,13,24.90,27.50
119,14,24.90,27.50
119,15,24.90,27.50
119,16,20.70,21.50
119,17,20.70,21.50
119,18,18.90,19.50
119,19,18.90,19.50
119,20,16.80,17.00
119,21,18.90,19.50
119,22,18.90,19.50
119,23,20.70,21.50
119,24,20.70,21.50
119,25,21.80,22.50
119,26,29.30,31.00
119,27,29.30,31.00
119,28,29.30,31.00
119,29,29.30,31.00
119,30,30.20,32.00
119,31,30.20,32.00
119,32,30.20,32.00
119,33,30.20,32.00
119,34,30.20,32.00
119,35,30.20,32.00
119,36,30.20,32.00
119,37,30.20,32.00
119,38,24.90,27.50
119,39,29.30,31.00
119,40,22.10,23.00
119,41,20.80,21.50
119,42,20.70,21.50
119,43,31.00,32.50
119,48,25.50,28.00
119,49,25.50,28.00
119,50,25.50,28.00
119,51,25.50,28.00
119,52,25.50,28.00
119,53,17.80,18.50
119,54,28.00,30.00
119,55,33.80,36.50
119,57,25.50,28.00
119,64,22.10,24.00
119,65,20.90,21.50
119,67,22.00,23.50
119,68,22.00,23.50
119,69,22.00,23.50
119,70,28.70,31.00
119,71,22.50,24.50
119,72,23.70,26.50
119,73,23.70,26.50
119,74,25.00,27.50
119,75,25.00,27.50
119,76,59.20,63.00
119,78,59.20,63.00
119,80,22.10,24.00
119,96,22.50,24.50
119,97,22.50,24.50
119,98,22.50,24.50
119,99,22.50,24.50
119,100,24.70,27.00
119,101,24.70,27.00
119,102,24.70,27.00
119,103,24.70,27.00
119,111,22.10,23.00
119,114,14.90,15.50
119,115,7.20,7.50
119,116,5.80,6.00
119,117,5.80,6.00
119,118,5.40,5.50
119,119,0.00,0.00
119,120,5.30,5.50
119,81,29.30,31.00
119,82,29.30,31.00
119,83,30.20,32.00
119,84,22.10,24.00
119,85,22.10,24.00
119,86,30.20,32.00
119,87,30.20,32.00
119,88,30.20,32.00
119,89,30.20,32.00
119,90,22.00,23.50
119,91,22.30,24.00
119,92,22.30,24.00
119,93,22.30,24.00
120,1,29.30,31.00
120,2,29.30,31.00
120,3,22.10,24.00
120,4,22.10,24.00
120,5,22.10,24.00
120,6,20.80,21.50
120,7,20.70,21.50
120,8,20.80,21.50
120,9,21.70,22.50
120,10,21.70,22.50
120,11,22.30,24.00
120,12,22.30,24.00
120,13,24.90,27.50
120,14,24.90,27.50
120,15,24.90,27.50
120,16,20.70,21.50
120,17,20.70,21.50
120,18,18.90,19.50
120,19,18.90,19.50
120,20,16.80,17.00
120,21,18.90,19.50
120,22,18.90,19.50
120,23,20.70,21.50
120,24,20.70,21.50
120,25,21.80,22.50
120,26,29.30,31.00
120,27,29.30,31.00
120,28,29.30,31.00
120,29,29.30,31.00
120,30,30.20,32.00
120,31,30.20,32.00
120,32,30.20,32.00
120,33,30.20,32.00
120,34,30.20,32.00
120,35,30.20,32.00
120,36,30.20,32.00
120,37,30.20,32.00
120,38,24.90,27.50
120,39,29.30,31.00
120,40,22.10,23.00
120,41,20.80,21.50
120,42,20.70,21.50
120,43,31.00,32.50
120,48,25.50,28.00
120,49,25.50,28.00
120,50,25.50,28.00
120,51,25.50,28.00
120,52,25.50,28.00
120,53,17.80,18.50
120,54,28.00,30.00
120,55,33.80,36.50
120,57,25.50,28.00
120,64,22.10,24.00
120,65,20.90,21.50
120,67,22.00,23.50
120,68,22.00,23.50
120,69,22.00,23.50
120,70,28.70,31.00
120,71,22.50,24.50
120,72,23.70,26.50
120,73,23.70,26.50
120,74,25.00,27.50
120,75,25.00,27.50
120,76,59.20,63.00
120,78,59.20,63.00
120,80,22.10,24.00
120,96,22.50,24.50
120,97,22.50,24.50
120,98,22.50,24.50
120,99,22.50,24.50
120,100,24.70,27.00
120,101,24.70,27.00
120,102,24.70,27.00
120,103,24.70,27.00
120,111,22.10,23.00
120,114,14.90,15.50
120,115,8.30,9.50
120,116,7.10,7.50
120,117,6.40,6.50
120,118,5.80,6.00
120,119,5.30,5.50
120,120,0.00,0.00
120,81,29.30,31.00
120,82,29.30,31.00
120,83,30.20,32.00
120,84,22.10,24.00
120,85,22.10,24.00
120,86,30.20,32.00
120,87,30.20,32.00
120,88,30.20,32.00
120,89,30.20,32.00
120,90,22.00,23.50
120,91,22.30,24.00
120,92,22.30,24.00
120,93,22.30,24.00
81,1,4.90,5.00
81,2,5.90,6.00
81,3,13.20,15.50
81,4,13.20,15.50
81,5,13.20,15.50
81,6,13.20,15.50
81,7,13.20,15.50
81,8,13.20,15.50
81,9,15.80,16.00
81,10,15.80,16.00
81,11,15.80,16.00
81,12,15.80,16.00
81,13,15.80,16.00
81,14,15.80,16.00
81,15,15.80,16.00
81,16,13.20,15.50
81,17,13.20,15.50
81,18,13.20,15.50
81,19,15.80,16.00
81,20,15.80,16.00
81,21,15.80,16.00
81,22,15.80,16.00
81,23,15.80,16.00
81,24,15.80,16.00
81,25,15.80,16.00
81,26,4.90,5.00
81,27,5.90,6.00
81,28,5.90,6.00
81,29,7.40,7.50
81,30,7.40,7.50
81,31,7.40,7.50
81,32,9.20,10.50
81,33,9.20,10.50
81,34,9.20,10.50
81,35,9.20,10.50
81,36,9.20,10.50
81,37,11.00,13.00
81,38,15.80,16.00
81,39,4.90,5.00
81,40,13.20,15.50
81,41,13.20,15.50
81,42,15.80,16.00
81,43,24.30,28.00
81,48,15.80,16.00
81,49,15.80,16.00
81,50,15.80,16.00
81,51,15.80,16.00
81,52,15.80,16.00
81,53,13.20,15.50
81,54,22.20,25.50
81,55,27.90,31.00
81,57,15.80,16.00
81,64,13.20,15.50
81,65,13.20,15.50
81,67,17.10,19.00
81,68,17.10,19.00
81,69,17.60,19.50
81,70,25.70,28.50
81,71,18.40,20.00
81,72,19.90,22.00
81,73,19.90,22.00
81,74,22.20,25.50
81,75,22.20,25.50
81,76,52.20,55.50
81,78,52.20,55.50
81,80,13.20,15.50
81,96,17.20,19.00
81,97,17.20,19.00
81,98,17.20,19.00
81,99,17.20,19.00
81,100,20.80,22.00
81,101,20.80,22.00
81,102,20.80,22.00
81,103,20.80,22.00
81,111,13.20,15.50
81,114,17.80,19.50
81,115,28.00,30.00
81,116,29.30,31.00
81,117,29.30,31.00
81,118,29.30,31.00
81,119,29.30,31.00
81,120,29.30,31.00
81,81,0.00,0.00
81,82,4.90,5.00
81,83,4.90,5.00
81,84,13.20,15.50
81,85,13.20,15.50
81,86,7.40,7.50
81,87,7.40,7.50
81,88,9.20,10.50
81,89,9.20,10.50
81,90,17.10,19.00
81,91,13.20,15.50
81,92,13.20,15.50
81,93,13.20,15.50
82,1,5.90,6.00
82,2,5.90,6.00
82,3,13.20,15.50
82,4,13.20,15.50
82,5,13.20,15.50
82,6,13.20,15.50
82,7,13.20,15.50
82,8,15.80,16.00
82,9,15.80,16.00
82,10,15.80,16.00
82,11,15.80,16.00
82,12,15.80,16.00
82,13,15.80,16.00
82,14,15.80,16.00
82,15,15.80,16.00
82,16,13.20,15.50
82,17,13.20,15.50
82,18,15.80,16.00
82,19,15.80,16.00
82,20,15.80,16.00
82,21,15.80,16.00
82,22,15.80,16.00
82,23,15.80,16.00
82,24,15.80,16.00
82,25,15.80,16.00
82,26,4.90,5.00
82,27,5.90,6.00
82,28,7.40,7.50
82,29,7.40,7.50
82,30,7.40,7.50
82,31,9.20,10.50
82,32,9.20,10.50
82,33,9.20,10.50
82,34,9.20,10.50
82,35,9.20,10.50
82,36,11.00,13.00
82,37,11.00,13.00
82,38,15.80,16.00
82,39,5.90,6.00
82,40,13.20,15.50
82,41,13.20,15.50
82,42,15.80,16.00
82,43,24.30,28.00
82,48,15.80,16.00
82,49,15.80,16.00
82,50,15.80,16.00
82,51,15.80,16.00
82,52,15.80,16.00
82,53,13.20,15.50
82,54,22.20,25.50
82,55,27.90,31.00
82,57,15.80,16.00
82,64,14.80,16.00
82,65,15.80,16.00
82,67,19.50,21.50
82,68,19.50,21.50
82,69,19.90,22.00
82,70,27.90,30.50
82,71,20.90,22.50
82,72,23.00,26.50
82,73,23.00,26.50
82,74,24.50,27.50
82,75,24.50,27.50
82,76,54.40,57.00
82,78,54.40,57.00
82,80,13.20,15.50
82,96,20.40,22.00
82,97,20.40,22.00
82,98,20.40,22.00
82,99,20.40,22.00
82,100,22.90,26.00
82,101,22.90,26.00
82,102,22.90,26.00
82,103,22.90,26.00
82,111,13.20,15.50
82,114,17.80,19.50
82,115,28.00,30.00
82,116,29.30,31.00
82,117,29.30,31.00
82,118,29.30,31.00
82,119,29.30,31.00
82,120,29.30,31.00
82,81,4.90,5.00
82,82,0.00,0.00
82,83,4.90,5.00
82,84,13.20,15.50
82,85,13.20,15.50
82,86,7.40,7.50
82,87,9.20,10.50
82,88,9.20,10.50
82,89,9.20,10.50
82,90,19.50,21.50
82,91,15.80,16.00
82,92,13.20,15.50
82,93,13.20,15.50
83,1,5.90,6.00
83,2,5.90,6.00
83,3,13.20,15.50
83,4,13.20,15.50
83,5,13.20,15.50
83,6,13.20,15.50
83,7,15.80,16.00
83,8,15.80,16.00
83,9,15.80,16.00
83,10,15.80,16.00
83,11,15.80,16.00
83,12,15.80,16.00
83,13,15.80,16.00
83,14,15.80,16.00
83,15,15.80,16.00
83,16,13.20,15.50
83,17,15.80,16.00
83,18,15.80,16.00
83,19,15.80,16.00
83,20,15.80,16.00
83,21,15.80,16.00
83,22,15.80,16.00
83,23,15.80,16.00
83,24,15.80,16.00
83,25,15.80,16.00
83,26,5.90,6.00
83,27,7.40,7.50
83,28,7.40,7.50
83,29,7.40,7.50
83,30,9.20,10.50
83,31,9.20,10.50
83,32,9.20,10.50
83,33,9.20,10.50
83,34,9.20,10.50
83,35,11.00,13.00
83,36,11.00,13.00
83,37,11.00,13.00
83,38,15.80,16.00
83,39,5.90,6.00
83,40,13.20,15.50
83,41,13.20,15.50
83,42,15.80,16.00
83,43,27.90,31.00
83,48,15.80,16.00
83,49,15.80,16.00
83,50,15.80,16.00
83,51,15.80,16.00
83,52,15.80,16.00
83,53,15.80,16.00
83,54,24.30,28.00
83,55,27.90,31.00
83,57,15.80,16.00
83,64,14.80,16.00
83,65,15.80,16.00
83,67,19.50,21.50
83,68,19.50,21.50
83,69,19.90,22.00
83,70,27.90,30.50
83,71,20.90,22.50
83,72,23.00,26.50
83,73,23.00,26.50
83,74,24.50,27.50
83,75,24.50,27.50
83,76,54.40,57.00
83,78,54.40,57.00
83,80,13.20,15.50
83,96,20.40,22.00
83,97,20.40,22.00
83,98,20.40,22.00
83,99,20.40,22.00
83,100,22.90,26.00
83,101,22.90,26.00
83,102,22.90,26.00
83,103,22.90,26.00
83,111,13.20,15.50
83,114,18.70,21.00
83,115,29.30,31.00
83,116,30.20,32.00
83,117,30.20,32.00
83,118,30.20,32.00
83,119,30.20,32.00
83,120,30.20,32.00
83,81,4.90,5.00
83,82,4.90,5.00
83,83,0.00,0.00
83,84,13.20,15.50
83,85,13.20,15.50
83,86,9.20,10.50
83,87,9.20,10.50
83,88,9.20,10.50
83,89,9.20,10.50
83,90,19.50,21.50
83,91,15.80,16.00
83,92,15.80,16.00
83,93,13.20,15.50
84,1,13.20,15.50
84,2,13.20,15.50
84,3,5.90,6.00
84,4,4.90,5.00
84,5,4.90,5.00
84,6,4.90,5.00
84,7,5.90,6.00
84,8,7.40,7.50
84,9,7.40,7.50
84,10,9.20,10.50
84,11,9.20,10.50
84,12,9.20,10.50
84,13,9.20,10.50
84,14,9.20,10.50
84,15,9.20,10.50
84,16,5.90,6.00
84,17,5.90,6.00
84,18,7.40,7.50
84,19,7.40,7.50
84,20,9.00,10.50
84,21,9.20,10.50
84,22,11.00,13.00
84,23,11.00,13.00
84,24,11.00,13.00
84,25,11.00,13.00
84,26,13.20,15.50
84,27,13.20,15.50
84,28,13.20,15.50
84,29,13.20,15.50
84,30,13.20,15.50
84,31,13.20,15.50
84,32,15.80,16.00
84,33,15.80,16.00
84,34,15.80,16.00
84,35,15.80,16.00
84,36,15.80,16.00
84,37,15.80,16.00
84,38,9.20,10.50
84,39,13.20,15.50
84,40,6.20,6.50
84,41,6.20,6.50
84,42,11.00,13.00
84,43,18.70,21.00
84,48,9.20,10.50
84,49,11.00,13.00
84,50,11.00,13.00
84,51,11.00,13.00
84,52,11.00,13.00
84,53,6.20,6.50
84,54,15.90,17.00
84,55,22.20,25.50
84,57,11.00,13.00
84,64,4.90,5.00
84,65,5.90,6.00
84,67,10.10,12.00
84,68,10.10,12.00
84,69,11.00,13.00
84,70,17.50,21.50
84,71,11.00,13.50
84,72,13.40,15.50
84,73,13.40,15.50
84,74,14.90,16.00
84,75,14.90,16.00
84,76,46.60,49.50
84,78,46.60,49.50
84,80,5.90,6.00
84,96,11.10,13.00
84,97,11.10,13.00
84,98,11.10,13.00
84,99,11.10,13.00
84,100,13.30,15.50
84,101,13.30,15.50
84,102,13.30,15.50
84,103,13.30,15.50
84,111,6.20,6.50
84,114,10.90,13.00
84,115,21.00,21.50
84,116,22.10,24.00
84,117,22.10,24.00
84,118,22.10,24.00
84,119,22.10,24.00
84,120,22.10,24.00
84,81,13.20,15.50
84,82,13.20,15.50
84,83,13.20,15.50
84,84,0.00,0.00
84,85,4.90,5.00
84,86,13.20,15.50
84,87,13.20,15.50
84,88,15.80,16.00
84,89,15.80,16.00
84,90,10.10,12.00
84,91,5.90,6.00
84,92,4.90,5.00
84,93,4.90,5.00
85,1,13.20,15.50
85,2,13.20,15.50
85,3,5.90,6.00
85,4,5.90,6.00
85,5,4.90,5.00
85,6,5.90,6.00
85,7,7.40,7.50
85,8,7.40,7.50
85,9,9.20,10.50
85,10,9.20,10.50
85,11,9.20,10.50
85,12,9.20,10.50
85,13,9.20,10.50
85,14,9.20,10.50
85,15,9.20,10.50
85,16,5.90,6.00
85,17,7.40,7.50
85,18,7.40,7.50
85,19,9.00,10.50
85,20,9.00,10.50
85,21,11.00,13.00
85,22,11.00,13.00
85,23,11.00,13.00
85,24,11.00,13.00
85,25,11.00,13.00
85,26,13.20,15.50
85,27,13.20,15.50
85,28,13.20,15.50
85,29,13.20,15.50
85,30,13.20,15.50
85,31,15.80,16.00
85,32,15.80,16.00
85,33,15.80,16.00
85,34,15.80,16.00
85,35,15.80,16.00
85,36,15.80,16.00
85,37,15.80,16.00
85,38,9.20,10.50
85,39,13.20,15.50
85,40,6.20,6.50
85,41,6.20,6.50
85,42,11.00,13.00
85,43,18.70,21.00
85,48,9.20,10.50
85,49,11.00,13.00
85,50,11.00,13.00
85,51,11.00,13.00
85,52,11.00,13.00
85,53,6.20,6.50
85,54,15.90,17.00
85,55,22.20,25.50
85,57,11.00,13.00
85,64,4.90,5.00
85,65,5.90,6.00
85,67,10.10,12.00
85,68,10.10,12.00
85,69,11.00,13.00
85,70,17.50,21.50
85,71,11.00,13.50
85,72,13.40,15.50
85,73,13.40,15.50
85,74,14.90,16.00
85,75,14.90,16.00
85,76,46.60,49.50
85,78,46.60,49.50
85,80,5.90,6.00
85,96,11.10,13.00
85,97,11.10,13.00
85,98,11.10,13.00
85,99,11.10,13.00
85,100,14.20,15.50
85,101,14.20,15.50
85,102,14.20,15.50
85,103,14.20,15.50
85,111,6.20,6.50
85,114,10.90,13.00
85,115,21.00,21.50
85,116,22.10,24.00
85,117,22.10,24.00
85,118,22.10,24.00
85,119,22.10,24.00
85,120,22.10,24.00
85,81,13.20,15.50
85,82,13.20,15.50
85,83,13.20,15.50
85,84,4.90,5.00
85,85,0.00,0.00
85,86,13.20,15.50
85,87,15.80,16.00
85,88,15.80,16.00
85,89,15.80,16.00
85,90,10.10,12.00
85,91,5.90,6.00
85,92,5.90,6.00
85,93,4.90,5.00
86,1,5.90,6.00
86,2,5.90,6.00
86,3,13.20,15.50
86,4,13.20,15.50
86,5,13.20,15.50
86,6,13.20,15.50
86,7,15.80,16.00
86,8,15.80,16.00
86,9,15.80,16.00
86,10,15.80,16.00
86,11,15.80,16.00
86,12,15.80,16.00
86,13,15.80,16.00
86,14,15.80,16.00
86,15,15.80,16.00
86,16,13.20,15.50
86,17,15.80,16.00
86,18,15.80,16.00
86,19,15.80,16.00
86,20,15.80,16.00
86,21,15.80,16.00
86,22,15.80,16.00
86,23,15.80,16.00
86,24,15.80,16.00
86,25,15.80,16.00
86,26,7.40,7.50
86,27,5.90,6.00
86,28,5.90,6.00
86,29,7.40,7.50
86,30,7.40,7.50
86,31,7.40,7.50
86,32,9.20,10.50
86,33,9.20,10.50
86,34,9.20,10.50
86,35,9.20,10.50
86,36,9.20,10.50
86,37,11.00,13.00
86,38,15.80,16.00
86,39,5.90,6.00
86,40,13.20,15.50
86,41,13.20,15.50
86,42,15.80,16.00
86,43,27.90,31.00
86,48,15.80,16.00
86,49,15.80,16.00
86,50,15.80,16.00
86,51,15.80,16.00
86,52,15.80,16.00
86,53,15.80,16.00
86,54,24.30,28.00
86,55,27.90,31.00
86,57,15.80,16.00
86,64,14.80,16.00
86,65,15.80,16.00
86,67,19.50,21.50
86,68,19.50,21.50
86,69,19.90,22.00
86,70,27.90,30.50
86,71,20.90,22.50
86,72,23.00,26.50
86,73,23.00,26.50
86,74,24.50,27.50
86,75,24.50,27.50
86,76,54.40,57.00
86,78,54.40,57.00
86,80,13.20,15.50
86,96,20.40,22.00
86,97,20.40,22.00
86,98,20.40,22.00
86,99,20.40,22.00
86,100,22.90,26.00
86,101,22.90,26.00
86,102,22.90,26.00
86,103,22.90,26.00
86,111,13.20,15.50
86,114,18.70,21.00
86,115,29.30,31.00
86,116,30.20,32.00
86,117,30.20,32.00
86,118,30.20,32.00
86,119,30.20,32.00
86,120,30.20,32.00
86,81,7.40,7.50
86,82,7.40,7.50
86,83,9.20,10.50
86,84,13.20,15.50
86,85,13.20,15.50
86,86,0.00,0.00
86,87,4.90,5.00
86,88,4.90,5.00
86,89,5.90,6.00
86,90,19.50,21.50
86,91,15.80,16.00
86,92,13.20,15.50
86,93,13.20,15.50
87,1,7.40,7.50
87,2,7.40,7.50
87,3,13.20,15.50
87,4,13.20,15.50
87,5,13.20,15.50
87,6,13.20,15.50
87,7,15.80,16.00
87,8,15.80,16.00
87,9,15.80,16.00
87,10,15.80,16.00
87,11,15.80,16.00
87,12,15.80,16.00
87,13,15.80,16.00
87,14,15.80,16.00
87,15,15.80,16.00
87,16,15.80,16.00
87,17,15.80,16.00
87,18,15.80,16.00
87,19,15.80,16.00
87,20,15.80,16.00
87,21,15.80,16.00
87,22,15.80,16.00
87,23,15.80,16.00
87,24,15.80,16.00
87,25,15.80,16.00
87,26,7.40,7.50
87,27,7.40,7.50
87,28,7.40,7.50
87,29,7.40,7.50
87,30,7.40,7.50
87,31,9.20,10.50
87,32,9.20,10.50
87,33,9.20,10.50
87,34,9.20,10.50
87,35,9.20,10.50
87,36,11.00,13.00
87,37,11.00,13.00
87,38,15.80,16.00
87,39,7.40,7.50
87,40,13.20,15.50
87,41,13.20,15.50
87,42,15.80,16.00
87,43,27.90,31.00
87,48,15.80,16.00
87,49,15.80,16.00
87,50,15.80,16.00
87,51,15.80,16.00
87,52,15.80,16.00
87,53,15.80,16.00
87,54,24.30,28.00
87,55,27.90,31.00
87,57,15.80,16.00
87,64,14.80,17.00
87,65,16.10,17.50
87,67,19.50,21.50
87,68,19.50,21.50
87,69,19.90,22.00
87,70,27.90,30.50
87,71,20.90,22.50
87,72,23.00,26.50
87,73,23.00,26.50
87,74,24.50,27.50
87,75,24.50,27.50
87,76,54.40,57.00
87,78,54.40,57.00
87,80,13.20,15.50
87,96,20.40,22.00
87,97,20.40,22.00
87,98,20.40,22.00
87,99,20.40,22.00
87,100,22.90,26.00
87,101,22.90,26.00
87,102,22.90,26.00
87,103,22.90,26.00
87,111,13.20,15.50
87,114,18.70,21.00
87,115,29.30,31.00
87,116,30.20,32.00
87,117,30.20,32.00
87,118,30.20,32.00
87,119,30.20,32.00
87,120,30.20,32.00
87,81,7.40,7.50
87,82,9.20,10.50
87,83,9.20,10.50
87,84,13.20,15.50
87,85,15.80,16.00
87,86,4.90,5.00
87,87,0.00,0.00
87,88,4.90,5.00
87,89,4.90,5.00
87,90,19.50,21.50
87,91,15.80,16.00
87,92,15.80,16.00
87,93,13.20,15.50
88,1,7.40,7.50
88,2,7.40,7.50
88,3,13.20,15.50
88,4,13.20,15.50
88,5,13.20,15.50
88,6,15.80,16.00
88,7,15.80,16.00
88,8,15.80,16.00
88,9,15.80,16.00
88,10,15.80,16.00
88,11,15.80,16.00
88,12,15.80,16.00
88,13,15.80,16.00
88,14,15.80,16.00
88,15,15.80,16.00
88,16,15.80,16.00
88,17,15.80,16.00
88,18,15.80,16.00
88,19,15.80,16.00
88,20,15.80,16.00
88,21,15.80,16.00
88,22,15.80,16.00
88,23,15.80,16.00
88,24,15.80,16.00
88,25,15.80,16.00
88,26,7.40,7.50
88,27,7.40,7.50
88,28,7.40,7.50
88,29,7.40,7.50
88,30,9.20,10.50
88,31,9.20,10.50
88,32,9.20,10.50
88,33,9.20,10.50
88,34,9.20,10.50
88,35,11.00,13.00
88,36,11.00,13.00
88,37,11.00,13.00
88,38,15.80,16.00
88,39,7.40,7.50
88,40,13.20,15.50
88,41,15.80,16.00
88,42,15.80,16.00
88,43,27.90,31.00
88,48,15.80,16.00
88,49,15.80,16.00
88,50,15.80,16.00
88,51,15.80,16.00
88,52,15.80,16.00
88,53,15.80,16.00
88,54,24.30,28.00
88,55,27.90,31.00
88,57,15.80,16.00
88,64,14.80,17.00
88,65,16.10,17.50
88,67,19.50,21.50
88,68,19.50,21.50
88,69,19.90,22.00
88,70,27.90,30.50
88,71,20.90,22.50
88,72,23.00,26.50
88,73,23.00,26.50
88,74,24.50,27.50
88,75,24.50,27.50
88,76,54.40,57.00
88,78,54.40,57.00
88,80,13.20,15.50
88,96,20.40,22.00
88,97,20.40,22.00
88,98,20.40,22.00
88,99,20.40,22.00
88,100,22.90,26.00
88,101,22.90,26.00
88,102,22.90,26.00
88,103,22.90,26.00
88,111,13.20,15.50
88,114,18.70,21.00
88,115,29.30,31.00
88,116,30.20,32.00
88,117,30.20,32.00
88,118,30.20,32.00
88,119,30.20,32.00
88,120,30.20,32.00
88,81,9.20,10.50
88,82,9.20,10.50
88,83,9.20,10.50
88,84,15.80,16.00
88,85,15.80,16.00
88,86,4.90,5.00
88,87,4.90,5.00
88,88,0.00,0.00
88,89,4.90,5.00
88,90,19.50,21.50
88,91,15.80,16.00
88,92,15.80,16.00
88,93,15.80,16.00
89,1,7.40,7.50
89,2,7.40,7.50
89,3,15.80,16.00
89,4,15.80,16.00
89,5,15.80,16.00
89,6,15.80,16.00
89,7,15.80,16.00
89,8,15.80,16.00
89,9,15.80,16.00
89,10,15.80,16.00
89,11,15.80,16.00
89,12,15.80,16.00
89,13,15.80,16.00
89,14,15.80,16.00
89,15,15.80,16.00
89,16,15.80,16.00
89,17,15.80,16.00
89,18,15.80,16.00
89,19,15.80,16.00
89,20,15.80,16.00
89,21,15.80,16.00
89,22,15.80,16.00
89,23,15.80,16.00
89,24,15.80,16.00
89,25,15.80,16.00
89,26,9.20,10.50
89,27,7.40,7.50
89,28,7.40,7.50
89,29,9.20,10.50
89,30,9.20,10.50
89,31,9.20,10.50
89,32,9.20,10.50
89,33,9.20,10.50
89,34,11.00,13.00
89,35,11.00,13.00
89,36,11.00,13.00
89,37,11.00,13.00
89,38,15.80,16.00
89,39,7.40,7.50
89,40,15.80,16.00
89,41,15.80,16.00
89,42,15.80,16.00
89,43,27.90,31.00
89,48,15.80,16.00
89,49,15.80,16.00
89,50,15.80,16.00
89,51,15.80,16.00
89,52,15.80,16.00
89,53,15.80,16.00
89,54,24.30,28.00
89,55,27.90,31.00
89,57,15.80,16.00
89,64,17.00,19.00
89,65,17.00,19.00
89,67,19.50,21.50
89,68,19.50,21.50
89,69,19.90,22.00
89,70,27.90,30.50
89,71,20.90,22.50
89,72,23.00,26.50
89,73,23.00,26.50
89,74,24.50,27.50
89,75,24.50,27.50
89,76,54.40,57.00
89,78,54.40,57.00
89,80,15.80,16.00
89,96,20.40,22.00
89,97,20.40,22.00
89,98,20.40,22.00
89,99,20.40,22.00
89,100,22.90,26.00
89,101,22.90,26.00
89,102,22.90,26.00
89,103,22.90,26.00
89,111,15.80,16.00
89,114,18.70,21.00
89,115,29.30,31.00
89,116,30.20,32.00
89,117,30.20,32.00
89,118,30.20,32.00
89,119,30.20,32.00
89,120,30.20,32.00
89,81,9.20,10.50
89,82,9.20,10.50
89,83,9.20,10.50
89,84,15.80,16.00
89,85,15.80,16.00
89,86,5.90,6.00
89,87,4.90,5.00
89,88,4.90,5.00
89,89,0.00,0.00
89,90,19.50,21.50
89,91,15.80,16.00
89,92,15.80,16.00
89,93,15.80,16.00
90,1,17.10,19.00
90,2,17.10,19.00
90,3,10.10,12.00
90,4,10.10,12.00
90,5,9.60,12.00
90,6,9.60,12.00
90,7,8.60,10.00
90,8,8.60,10.00
90,9,8.60,10.00
90,10,8.60,10.00
90,11,8.60,10.00
90,12,9.60,12.00
90,13,11.00,13.00
90,14,11.00,13.00
90,15,11.00,13.00
90,16,8.60,10.00
90,17,8.60,10.00
90,18,9.60,12.00
90,19,9.60,12.00
90,20,11.00,13.00
90,21,11.00,13.00
90,22,12.30,14.00
90,23,12.30,14.00
90,24,12.30,14.00
90,25,12.30,14.00
90,26,17.10,19.00
90,27,17.10,19.00
90,28,17.10,19.00
90,29,19.50,21.50
90,30,19.50,21.50
90,31,19.50,21.50
90,32,19.50,21.50
90,33,19.50,21.50
90,34,19.50,21.50
90,35,19.50,21.50
90,36,19.50,21.50
90,37,19.50,21.50
90,38,12.30,14.00
90,39,17.10,19.00
90,40,11.00,13.00
90,41,11.00,13.00
90,42,12.30,14.00
90,43,24.30,27.50
90,48,12.30,14.00
90,49,12.30,14.00
90,50,13.80,16.00
90,51,13.80,16.00
90,52,13.80,16.00
90,53,11.00,13.00
90,54,20.80,22.50
90,55,28.00,30.50
90,57,13.80,16.00
90,64,10.10,12.00
90,65,8.60,10.00
90,67,4.00,4.00
90,68,5.90,6.00
90,69,5.90,6.00
90,70,9.90,12.00
90,71,5.90,6.00
90,72,7.70,8.00
90,73,7.70,8.00
90,74,7.70,8.00
90,75,7.70,8.00
90,76,33.00,35.50
90,78,33.00,35.50
90,80,10.10,12.00
90,96,5.90,6.00
90,97,5.90,6.00
90,98,5.90,6.00
90,99,5.90,6.00
90,100,7.70,8.00
90,101,7.70,8.00
90,102,7.70,8.00
90,103,7.70,8.00
90,111,11.00,13.00
90,114,11.50,13.50
90,115,20.80,22.00
90,116,22.00,23.50
90,117,22.00,23.50
90,118,22.00,23.50
90,119,22.00,23.50
90,120,22.00,23.50
90,81,17.10,19.00
90,82,19.50,21.50
90,83,19.50,21.50
90,84,10.10,12.00
90,85,10.10,12.00
90,86,19.50,21.50
90,87,19.50,21.50
90,88,19.50,21.50
90,89,19.50,21.50
90,90,0.00,0.00
90,91,9.60,12.00
90,92,10.10,12.00
90,93,10.10,12.00
91,1,13.20,15.50
91,2,13.20,15.50
91,3,7.40,7.50
91,4,7.40,7.50
91,5,5.90,6.00
91,6,7.40,7.50
91,7,5.90,6.00
91,8,5.90,6.00
91,9,5.90,6.00
91,10,4.90,5.00
91,11,4.90,5.00
91,12,4.90,5.00
91,13,5.90,6.00
91,14,5.90,6.00
91,15,7.40,7.50
91,16,5.90,6.00
91,17,7.40,7.50
91,18,7.40,7.50
91,19,9.00,10.50
91,20,9.00,10.50
91,21,9.20,10.50
91,22,11.00,13.00
91,23,11.00,13.00
91,24,11.00,13.00
91,25,11.00,13.00
91,26,13.20,15.50
91,27,13.20,15.50
91,28,13.20,15.50
91,29,13.20,15.50
91,30,13.20,15.50
91,31,13.20,15.50
91,32,13.20,15.50
91,33,13.20,15.50
91,34,15.80,16.00
91,35,15.80,16.00
91,36,15.80,16.00
91,37,15.80,16.00
91,38,7.40,7.50
91,39,13.20,15.50
91,40,6.20,6.50
91,41,6.20,6.50
91,42,11.00,13.00
91,43,18.70,21.00
91,48,9.20,10.50
91,49,9.20,10.50
91,50,9.20,10.50
91,51,9.20,10.50
91,52,11.00,13.00
91,53,7.40,7.50
91,54,15.90,17.00
91,55,22.20,25.50
91,57,11.00,13.00
91,64,5.90,6.00
91,65,5.90,6.00
91,67,9.60,12.00
91,68,9.60,12.00
91,69,10.10,12.50
91,70,18.30,20.00
91,71,10.80,13.50
91,72,12.80,14.50
91,73,12.80,14.50
91,74,13.60,15.50
91,75,13.60,15.50
91,76,45.40,48.00
91,78,45.40,48.00
91,80,7.40,7.50
91,96,9.80,12.00
91,97,9.80,12.00
91,98,9.80,12.00
91,99,9.80,12.00
91,100,12.00,14.00
91,101,12.00,14.00
91,102,12.00,14.00
91,103,12.00,14.00
91,111,7.40,7.50
91,114,10.90,13.00
91,115,21.20,22.00
91,116,22.30,24.00
91,117,22.30,24.00
91,118,22.30,24.00
91,119,22.30,24.00
91,120,22.30,24.00
91,81,13.20,15.50
91,82,15.80,16.00
91,83,15.80,16.00
91,84,5.90,6.00
91,85,5.90,6.00
91,86,15.80,16.00
91,87,15.80,16.00
91,88,15.80,16.00
91,89,15.80,16.00
91,90,9.60,12.00
91,91,0.00,0.00
91,92,4.90,5.00
91,93,4.90,5.00
92,1,13.20,15.50
92,2,13.20,15.50
92,3,5.90,6.00
92,4,5.90,6.00
92,5,5.90,6.00
92,6,5.90,6.00
92,7,5.90,6.00
92,8,5.90,6.00
92,9,5.90,6.00
92,10,5.90,6.00
92,11,4.90,5.00
92,12,5.90,6.00
92,13,5.90,6.00
92,14,7.40,7.50
92,15,7.40,7.50
92,16,5.90,6.00
92,17,7.40,7.50
92,18,7.40,7.50
92,19,9.00,10.50
92,20,9.00,10.50
92,21,9.20,10.50
92,22,11.00,13.00
92,23,11.00,13.00
92,24,11.00,13.00
92,25,11.00,13.00
92,26,13.20,15.50
92,27,13.20,15.50
92,28,13.20,15.50
92,29,13.20,15.50
92,30,13.20,15.50
92,31,13.20,15.50
92,32,13.20,15.50
92,33,15.80,16.00
92,34,15.80,16.00
92,35,15.80,16.00
92,36,15.80,16.00
92,37,15.80,16.00
92,38,7.40,7.50
92,39,13.20,15.50
92,40,6.20,6.50
92,41,6.20,6.50
92,42,11.00,13.00
92,43,18.70,21.00
92,48,9.20,10.50
92,49,9.20,10.50
92,50,9.20,10.50
92,51,11.00,13.00
92,52,11.00,13.00
92,53,6.20,6.50
92,54,15.90,17.00
92,55,22.20,25.50
92,57,11.00,13.00
92,64,5.90,6.00
92,65,5.90,6.00
92,67,10.10,12.00
92,68,10.10,12.00
92,69,11.00,13.00
92,70,18.30,20.00
92,71,11.00,13.50
92,72,13.40,15.50
92,73,13.40,15.50
92,74,14.90,16.00
92,75,14.90,16.00
92,76,46.60,49.50
92,78,46.60,49.50
92,80,5.90,6.00
92,96,11.10,13.00
92,97,11.10,13.00
92,98,11.10,13.00
92,99,11.10,13.00
92,100,13.30,15.50
92,101,13.30,15.50
92,102,13.30,15.50
92,103,13.30,15.50
92,111,6.20,6.50
92,114,10.90,13.00
92,115,21.20,22.00
92,116,22.30,24.00
92,117,22.30,24.00
92,118,22.30,24.00
92,119,22.30,24.00
92,120,22.30,24.00
92,81,13.20,15.50
92,82,13.20,15.50
92,83,15.80,16.00
92,84,4.90,5.00
92,85,5.90,6.00
92,86,13.20,15.50
92,87,15.80,16.00
92,88,15.80,16.00
92,89,15.80,16.00
92,90,10.10,12.00
92,91,4.90,5.00
92,92,0.00,0.00
92,93,4.90,5.00
93,1,13.20,15.50
93,2,13.20,15.50
93,3,5.90,6.00
93,4,5.90,6.00
93,5,4.90,5.00
93,6,5.90,6.00
93,7,5.90,6.00
93,8,5.90,6.00
93,9,7.40,7.50
93,10,5.90,6.00
93,11,5.90,6.00
93,12,5.90,6.00
93,13,7.40,7.50
93,14,7.40,7.50
93,15,7.40,7.50
93,16,5.90,6.00
93,17,7.40,7.50
93,18,7.40,7.50
93,19,9.00,10.50
93,20,9.00,10.50
93,21,9.20,10.50
93,22,11.00,13.00
93,23,11.00,13.00
93,24,11.00,13.00
93,25,11.00,13.00
93,26,13.20,15.50
93,27,13.20,15.50
93,28,13.20,15.50
93,29,13.20,15.50
93,30,13.20,15.50
93,31,13.20,15.50
93,32,15.80,16.00
93,33,15.80,16.00
93,34,15.80,16.00
93,35,15.80,16.00
93,36,15.80,16.00
93,37,15.80,16.00
93,38,9.20,10.50
93,39,13.20,15.50
93,40,6.20,6.50
93,41,6.20,6.50
93,42,11.00,13.00
93,43,18.70,21.00
93,48,9.20,10.50
93,49,9.20,10.50
93,50,11.00,13.00
93,51,11.00,13.00
93,52,11.00,13.00
93,53,6.20,6.50
93,54,15.90,17.00
93,55,22.20,25.50
93,57,11.00,13.00
93,64,4.90,5.00
93,65,5.90,6.00
93,67,10.10,12.00
93,68,10.10,12.00
93,69,11.00,13.00
93,70,18.30,20.00
93,71,11.00,13.50
93,72,13.40,15.50
93,73,13.40,15.50
93,74,14.90,16.00
93,75,14.90,16.00
93,76,46.60,49.50
93,78,46.60,49.50
93,80,5.90,6.00
93,96,11.10,13.00
93,97,11.10,13.00
93,98,11.10,13.00
93,99,11.10,13.00
93,100,13.30,15.50
93,101,13.30,15.50
93,102,13.30,15.50
93,103,13.30,15.50
93,111,6.20,6.50
93,114,10.90,13.00
93,115,21.20,22.00
93,116,22.30,24.00
93,117,22.30,24.00
93,118,22.30,24.00
93,119,22.30,24.00
93,120,22.30,24.00
93,81,13.20,15.50
93,82,13.20,15.50
93,83,13.20,15.50
93,84,4.90,5.00
93,85,4.90,5.00
93,86,13.20,15.50
93,87,13.20,15.50
93,88,15.80,16.00
93,89,15.80,16.00
93,90,10.10,12.00
93,91,4.90,5.00
93,92,4.90,5.00
93,93,0.00,0.00
94,1,4.90,5.00
94,2,4.90,5.00
94,3,10.60,12.50
94,4,10.60,12.50
94,5,13.20,15.50
94,6,13.20,15.50
94,7,13.20,15.50
94,8,13.20,15.50
94,9,15.80,16.00
94,10,15.80,16.00
94,11,15.80,16.00
94,12,15.80,16.00
94,13,15.80,16.00
94,14,13.20,15.50
94,15,13.20,15.50
94,16,13.20,15.50
94,17,13.20,15.50
94,18,13.20,15.50
94,19,15.80,16.00
94,20,15.80,16.00
94,21,15.80,16.00
94,22,15.80,16.00
94,23,15.80,16.00
94,24,15.80,16.00
94,25,15.80,16.00
94,26,5.90,6.00
94,27,4.90,5.00
94,28,4.90,5.00
94,29,4.90,5.00
94,30,5.90,6.00
94,31,5.90,6.00
94,32,7.40,7.50
94,33,7.40,7.50
94,34,9.20,10.50
94,35,9.20,10.50
94,36,9.20,10.50
94,37,9.20,10.50
94,38,13.20,15.50
94,39,4.90,5.00
94,40,10.60,12.50
94,41,13.20,15.50
94,42,15.80,16.00
94,43,24.30,28.00
94,48,13.20,15.50
94,49,15.80,16.00
94,50,15.80,16.00
94,51,15.80,16.00
94,52,15.80,16.00
94,53,13.20,15.50
94,54,22.20,25.50
94,55,27.90,31.00
94,57,15.80,16.00
94,64,10.60,12.50
94,65,12.90,15.50
94,67,17.10,19.00
94,68,17.10,19.00
94,69,17.60,19.50
94,70,25.70,28.50
94,71,18.40,20.00
94,72,19.90,22.00
94,73,19.90,22.00
94,74,22.20,25.50
94,75,22.20,25.50
94,76,52.20,55.50
94,78,52.20,55.50
94,80,10.60,12.50
94,96,17.20,19.00
94,97,17.20,19.00
94,98,17.20,19.00
94,99,17.20,19.00
94,100,20.80,22.00
94,101,20.80,22.00
94,102,20.80,22.00
94,103,20.80,22.00
94,111,10.60,12.50
94,114,17.80,19.50
94,115,28.00,30.00
94,116,29.30,31.00
94,117,29.30,31.00
94,118,29.30,31.00
94,119,29.30,31.00
94,120,29.30,31.00
94,81,5.90,6.00
94,82,5.90,6.00
94,83,7.40,7.50
94,84,13.20,15.50
94,85,13.20,15.50
94,86,5.90,6.00
94,87,7.40,7.50
94,88,7.40,7.50
94,89,7.40,7.50
94,90,17.10,19.00
94,91,13.20,15.50
94,92,13.20,15.50
94,93,13.20,15.50
1,94,4.90,5.00
2,94,4.90,5.00
3,94,10.60,12.50
4,94,10.60,12.50
5,94,13.20,15.50
6,94,13.20,15.50
7,94,13.20,15.50
8,94,13.20,15.50
9,94,15.80,16.00
10,94,15.80,16.00
11,94,15.80,16.00
12,94,15.80,16.00
13,94,15.80,16.00
14,94,13.20,15.50
15,94,13.20,15.50
16,94,13.20,15.50
17,94,13.20,15.50
18,94,13.20,15.50
19,94,15.80,16.00
20,94,15.80,16.00
21,94,15.80,16.00
22,94,15.80,16.00
23,94,15.80,16.00
24,94,15.80,16.00
25,94,15.80,16.00
26,94,5.90,6.00
27,94,4.90,5.00
28,94,4.90,5.00
29,94,4.90,5.00
30,94,5.90,6.00
31,94,5.90,6.00
32,94,7.40,7.50
33,94,7.40,7.50
34,94,9.20,10.50
35,94,9.20,10.50
36,94,9.20,10.50
37,94,9.20,10.50
38,94,13.20,15.50
39,94,4.90,5.00
40,94,10.60,12.50
41,94,13.20,15.50
42,94,15.80,16.00
43,94,24.30,28.00
48,94,13.20,15.50
49,94,15.80,16.00
50,94,15.80,16.00
51,94,15.80,16.00
52,94,15.80,16.00
53,94,13.20,15.50
54,94,22.20,25.50
55,94,27.90,31.00
57,94,15.80,16.00
64,94,10.60,12.50
65,94,12.90,15.50
67,94,17.10,19.00
68,94,17.10,19.00
69,94,17.60,19.50
70,94,25.70,28.50
71,94,18.40,20.00
72,94,19.90,22.00
73,94,19.90,22.00
74,94,22.20,25.50
75,94,22.20,25.50
76,94,52.20,55.50
78,94,52.20,55.50
80,94,10.60,12.50
96,94,17.20,19.00
97,94,17.20,19.00
98,94,17.20,19.00
99,94,17.20,19.00
100,94,20.80,22.00
101,94,20.80,22.00
102,94,20.80,22.00
103,94,20.80,22.00
111,94,10.60,12.50
114,94,17.80,19.50
115,94,28.00,30.00
116,94,29.30,31.00
117,94,29.30,31.00
118,94,29.30,31.00
119,94,29.30,31.00
120,94,29.30,31.00
81,94,5.90,6.00
82,94,5.90,6.00
83,94,7.40,7.50
84,94,13.20,15.50
85,94,13.20,15.50
86,94,5.90,6.00
87,94,7.40,7.50
88,94,7.40,7.50
89,94,7.40,7.50
90,94,17.10,19.00
91,94,13.20,15.50
92,94,13.20,15.50
93,94,13.20,15.50
94,94,0.00,0.00
